date,title,link,content
2022-10-29 11:54:01,"데뷔 3개월, 광고 수두룩…‘구찌 앰버서더’ 된 뉴진스의 가치 [명품톡+]",https://n.news.naver.com/mnews/article/081/0003312521?sid=101,"[
BTS 의존도 낮추기 사활 건 하이브숫자로 엿보는 뉴진스의 ‘단기 고성과’



그룹 뉴진스의 하니. 구찌코리아 제공그룹 뉴진스의 멤버 하니가 이탈리아 럭셔리 브랜드 구찌의 앰버서더가 됐다. K팝 콘텐츠의 매력에 따라 한국 연예인을 자사 글로벌 앰버서더까지 세우는 브랜드가 늘어나고 있다. 뉴진스는 지난 7월에 데뷔한 그룹으로, 하이브 산하 레이블 어도어 소속이다. 광고계에 따르면 이들이 제안받은 광고는 100여개다. SK텔레콤의 아이폰14, 신한은행, 메가스터디교육 등 이미 송출되고 있는 광고도 눈에 띈다.● #6%…데뷔와 동시에 하이브 주가 반등뉴진스는 데뷔와 동시에 인기를 끌었다. 방탄소년단(BTS)에의 의존도를 낮추려는 하이브는 여러 보도자료를 통해 뉴진스 등 새 간판 그룹의 등장을 강조하고 있다. 실제 뉴진스 등장 후 하이브 주가는 약간의 상승세를 보였다. 지난 6월 BTS의 휴식기 선언으로 30%가량 폭락했던 것에서 다소 상승한 것이다. 뉴진스의 데뷔일이던 지난 7월 22일 하이브의 주가는 6% 넘게 올랐고 이튿날에도 5.69% 뛰었다. 일각에선 BTS에의 의존도를 낮추기 위해 과하게 홍보한다는 주장이 있으나, 뉴진스의 등장 후 하이브 주가가 소폭 반등한 것은 사실이다.● #20만·2.5배…데뷔·발매 1일차, 신기록뉴진스의 데뷔 앨범은 지난 8월 8일에 발매됐다. 이는 당일 하루 만에 26만 2815장 팔렸다. 데뷔 1일차 걸그룹 기준 신기록이다. 이들이 발매했던 가방형 앨범은 발매 직후 두 배가량 프리미엄이 붙어 중고거래 홈페이지를 통해서도 유통됐다. 현재에도 이 상품은 유통사를 통해 2.5배가량 오른 가격에 판매되고 있다. 멤버들은 인스타그램을 통해 앨범 가방을 착용한 사진을 올렸고, 팬들의 구매 욕구를 자극했다. 인플루언서의 인스타그램 게시물의 가치는 수억을 호가한다.



그룹 뉴진스 멤버들이 한정판 버전 ‘(NewJeans) - 1st EP New Jeans Bag’을 들고 포즈를 취해 보였다. 뉴진스 인스타그램● #3개월…카이·아이유·이정재·신민아…다음은28일 구찌는 하니의 앰버서더 발탁 소식을 전했다. 이에 따라 하니는 다음달 1일 서울 경복궁에서 개최되는 ‘구찌 코스모고니 서울(Gucci Cosmogonie Seoul)’ 패션쇼에 참석한다. 구찌는 새 앰버서더 발탁 이유로 “스타일에 대한 하니의 확고한 철학은 우리 일상 전반에 녹아 있는 팝 컬처에 대해 주목하도록 만들며, 다양성을 포용하고 자기 표현을 중시하는 구찌의 비전과 닮아 있다”고 전했다. 새 앰버서더 발탁으로 기대하는 매출·파급력 관련한 설명을 묻는 구체적 질의에는 답하지 않았다. 앞서 구찌는 국내 K팝 아이돌 엑소 카이, 아이유에 이어 이정재, 신민아를 앰버서더로 발탁했다. 이들 중 일부는 하우스에서 글로벌로 역할이 커졌다. 여기에는 해외 반응이 컸다는 점이 한 몫 했다.● #1조·1만 7000…체험공간의 확장뉴진스는 지난 8월 12일부터 9월 31일까지 서울 영등포구 더현대서울 지하 2층에 팝업 쇼룸을 열고 팬들을 만났다. 현대백화점은 이 같은 공간을 통해 내년에는 매출 1조원을 내겠다는 목표를 갖고 있다. 이 백화점을 방문하는 고객의 절반이 20~30대라는 점에서 뉴진스 팝업스토어 유치도 의미있다는 것이다. 뉴진스 멤버들의 포토월, 팝업 굿즈, 뮤직비디오 등을 이 공간에 꾸렸다. 멤버들은 손글씨로 자취를 남겼고, 한정판 가방도 전시돼 소비 심리를 움직였다. 레트로 감성을 담은 책받침 등도 돌아와 팬들을 맞이했다. 이 기간 방문한 팬들은 1만 7000명이다.● #300개…韓도 따라가는 ‘글로벌 앰버서더’ 표현명품 브랜드의 전유물이던 ‘글로벌 앰버서더’ 표현이 한국 기업에도 정착했다. 무신사는 이달 뉴진스 멤버 전원을 글로벌 앰버서더로 발탁했다고 알렸다. 패션 커뮤니티 일각에선 한국 기업의 이 같은 표현이 어색하다는 지적이 나온다. 다만 무신사는 이 같은 움직임을 앞세워 세계 시장을 공략하겠다는 심산이다. 무신사는 글로벌 스토어를 통해 300개 브랜드를 꾸리고 있다. 한 업계 관계자는 “새 앰버서더를 고를 땐 회사가 원하는 고객의 나이대를 정한다”며 “확장하고 싶은 고객층이 있으면 새 앰버서더를 뽑거나 화보 촬영 계약만 해 마케팅을 하기도 한다”고 설명했다.



그룹 뉴진스. 왼쪽부터 하니, 다니엘, 혜인, 해린, 민지. 어도어 제공
]"
2022.10.28. 오후 6:08,"
			[SC이슈] 벌써 명품 앰버서더..뉴진스 하니, 글로벌 화제성 입증
		",https://n.news.naver.com/mnews/article/076/0003932595?sid=106,"[
 
 
 
[스포츠조선 문지연 기자] 걸그룹 뉴진스의 하니가 신인으로는 파격적으로 명품 브랜드의 앰버서더가 됐다.이탈리아 럭셔리 브랜드 구찌(Gucci)는 뉴진스의 하니를 앰버서더로 선정했다고 28일 밝혔다. 올해 7월 데뷔한 5인조 신예 걸그룹인 뉴진스는 첫 번째 데뷔 앨범인 'New Jeans(뉴 진스)'를 발매한 이후 케이팝의 새로운 역사를 쓰는 중이다. 반짝이는 젊음과 대담하고 달콤하면서도 매력적인 뉴진스의 프레시한 룩과 스타일이 명랑한 음악과의 완벽한 조화까지 보여줬다.이에 구찌는 하니를 앰버서더로 임명한 이유를 밝히며 ""순수한 매력과 타고난 패션 센스를 가진 아이코닉한 아티스트로 전세계적 사랑을 받고 있다. 하니가 무대 위에서 보여주는 넘치는 재능과 열정적인 퍼포먼스는 글로벌 팬들을 사로잡았다""고 밝히기도. 스타일에 대한 하니의 확고한 철학이 일상에 녹아 있는 팝 컬처에 대한 주목을 높이고 다양성을 표현하는 구찌의 비전과 닮아 있다고 설명했다.뉴진스의 소속사인 어도어는 이 사실을 공식 계정을 통해 알리기도 했다. 하니는 공개된 사진에서 특유의 강렬한 눈빛과 힙한 느낌을 발산하는 중. 카메라를 바라보고 있는 그의 모습에서 소녀다움이 느껴지는 등 명품 브랜드의 앰버서더로 손색 없는 에너지가 전달됐다. 뉴진스는 데뷔와 동시에 화제 속에 활동 중이다. 데뷔곡인 '어텐션'과 '하이프보이'는 국내를 넘어 해외까지도 사랑받는 중이다. 특히 '하이프보이'는 빌보드 글로벌(미국 제외)과 글로벌200에서 각각 56위오 93위에 랭크됐다. '어텐션'도 글로벌(미국 제외)에서 125위에 자리하며 12주 연속으로 차트 인 한 상태다.(10월 25일 기준)데뷔 앨범인 '뉴 진스'는 히트시커스 앨범에서 24위를 기록하는 기염을 토하기도. 히트시커스 앨범은 메인 앨범 차트인 빌보드200의 100위권 진입 기록이 없거나 빌보드 지정 6개 차트 톱10에 오른 기록이 없는 신예 아티스트의 앨범을 대상으로 한다. 뉴진스는 해당 차트에 12주 연속으로 이름을 올리며 특급 신예임을 증명하기도. 뿐만 아니라 전세계 팬들을 대상으로 하는 유튜브 콘텐츠에서도 강점을 보이고 있다. 뉴진스의 유튜브는 104만 구독자를 넘었다. 이미 지난 19일 데뷔 약 3개월 만에 유튜브 구독자수 100만명을 넘긴 이후에도 꾸준히 구독자수를 늘리고 있어 시선을 모은다.구찌의 새로운 앰버서더 뉴진스 하니는 11월 1일 서울 경복궁에서 개최되는 '구찌 코스모고니 서울(Gucci Cosmogonie Seoul)' 패션쇼에 참석해 자리를 빛낼 예정이다.
]"
2022.10.28. 오후 4:38,"
			크루즈 탑승할 부산여행 미션 1위는?…'뉴진스 코드'
		",https://n.news.naver.com/mnews/article/003/0011504131?sid=106,"[
 
[서울=뉴시스] '뉴진스 코드 in 부산' 스틸 컷. 2022.10.28. (사진=SBS 제공) photo@newsis.com *재판매 및 DB 금지 *재판매 및 DB 금지[서울=뉴시스]장인영 인턴 기자 = 그룹 뉴진스(NewJenas)가 부산에서 잊지 못할 추억을 쌓는다. 오는 31일 오전 0시 15분 방송하는 SBS TV 예능물 '뉴진스 코드 in 부산'에서는 뉴진스의 부산 여행 마지막 이야기가 펼쳐진다.  이날 뉴진스는 다도 체험에 나선다. 멤버들은 따뜻한 차와 다과를 즐기며 향긋한 시간을 보낸다. 다니엘은 ""한국 전통문화를 배우고 싶었다. 직접 차를 우려서 맛보니 차분해지는 기분이다""라며 흐뭇해한다.이어 뉴진스는 핫플레이스라 불리는 '전리단길'로 향한다. 이들은 두 팀으로 나뉘어 각기 다른 매력을 발산한다. 오로지 미션을 향해 직진한 민지·혜인과 달리, 하니·다니엘·해린은 거리 곳곳을 포토존 삼아 사진을 찍는 등 자유분방한 모습을 보인다. 이후 부산에서의 마지막 식사로는 조개구이 한 상이 차려진다. 멤버들은 식사에서 제외되지 않으려 치열한 '딸기 게임'을 펼친다. 특히 공격하는 족족 성공하는 에이스 민지와 소리 없이 강한 해린의 대결은 보는 이들마저 긴장하게 만든다.  부산 여행 내내 펼쳐진 미션에서 가장 많은 배지를 획득한 최종 1등에게는 서프라이즈 선물로 크루즈 탑승 기회가 주어진다. 1등을 한 멤버는 ""뉴진스의 팀워크로 이뤄낸 결과""라며 다 함께 크루즈에 탑승하고 싶다고 말해 훈훈함을 드러낸다.
]"
2022.10.29. 오전 8:50,"
			뉴진스, 아차랭킹 1위 등극! '글로벌 대세' 우뚝
		",https://n.news.naver.com/mnews/article/030/0003054989?sid=106,"[
 
사진=어도어그룹 뉴진스가 10월 3주차 아이돌차트 아차랭킹 1위에 올랐다.29일 아이돌아트에 따르면 뉴진스는 10월 3주차(22.10.17~22.10.23) 아차랭킹에서 음원점수 871점, 유튜브 점수 8644점, 소셜점수 366점 등 총점 9881점으로 1위를 기록했다. 뉴진스는 데뷔 앨범 '뉴진스' 발매와 동시에 전 세계의 이목을 집중시켰다. 이들은 지난 19일 데뷔 약 3개월 만에 유튜브 구독자 수 100만을 달성은 물론, 미국 빌보트차트에 12주 연속 차트인하며 대세를 입증했다. 
사진=아이돌차트2위는 총점 9345점의 (여자)아이들이 차지했다. 아이브(총점 8992점), 르세라핌(총점 7350점), 블랙핑크(총점 6708점), 임영웅(총점 4573점), 윤하(총점 3745점), 방탄소년단(총점 3673점), 지코(총점 2921점), 비오(총점 2714점)가 뒤를 이었다.
]"
2022-10-28 09:37:02,[화보]'빈티지도 쿨하게' 뉴진스 화보 공개,https://n.news.naver.com/mnews/article/145/0000017285?sid=103,"[




5252바이오아이오아이(5252 BY OIOI)가 공개한 걸그룹 뉴진스(NewJeans)의 화보유니섹스 캐주얼 브랜드 5252바이오아이오아이(5252 BY OIOI)가 걸그룹 뉴진스(NewJeans)와 함께한 화보를 추가 공개했다. 화보 속 뉴진스는 하이틴다운 자유롭고 생기 넘치는 매력을 선보였다. 오아이오아이는 “뉴진스와 함께 한 세 번째 화보의 모티브가 된 진(Jean)을 중심으로 그와 어울리는 간절기 아우터와 니트 등을 스타일링해 1980-90년대 빈티지 무드를 연출했다”고 설명했다.  



5252바이오아이오아이(5252 BY OIOI)가 공개한 걸그룹 뉴진스(NewJeans)의 화보뉴진스 멤버들은 로 라이즈의 오버사이즈 턱 와이드 데님 팬츠와 유틸리티 디테일의 카고 데님 팬츠, 그라데이션 워시드 데님 팬츠에 후드 집업과 베이스볼 재킷, 니트 카디건을 매치해 자유분방하면서도 힙한 분위기를 완성했다. 특히 민지는 스퀘어넥 스웨트셔츠에 체크 프린지 스커트를 스타일링하며 프레피한 매력을 한껏 뽐냈으며, 하니는 크롭트 카디건 톱에 오버사이즈 데님 팬츠로 독보적인 매력의 힙한 스타일을 연출했다. 다니엘은 스커트가 레이어드 된 유니크한 데님 스커트 팬츠에 컬러 배색으로 포인트를 준 집업 카디건을 매치했고, 해린은 베이스볼 자켓과 오버사이즈 카고 데님으로 아메리칸 빈티지와 스트리트 무드를 완벽하게 소화했다. 끝으로 혜인은 벨벳 후드 집업에 와이드 데님 팬츠를 매치하는 등 멤버마다 ‘진’을 각자의 개성이 돋보이는 방식으로 풀어냈다. 



5252바이오아이오아이(5252 BY OIOI)가 공개한 걸그룹 뉴진스(NewJeans)의 화보한편 오아이오아이는 공식몰에서 10일간 뉴진스가 착용한 제품을 10% 할인된 가격에 만날 수 있는 ‘뉴진스 기획전’을 진행한다. 뉴진스와 함께한 22FW 컬렉션 제품은 공식 온라인 스토어 및 온라인 편집숍과 오프라인 매장에서 만날 수 있다.
]"
2022.10.29. 오후 3:42,"
			제시, '뉴진스' 패션도 과감...끈팬티까지 당당 노출 [★SNS]
		",https://n.news.naver.com/mnews/article/468/0000895405?sid=106,"[
 
[스포츠서울 | 조은별기자]가수 제시가 ‘뉴진스’ 패션을 뽐냈다. 제시는 지난 27일 자신의 소셜미디어 계정에 “Pay attention ya girl always rock new jeans”라는 글과 함께 여러 장의 사진을 게시했다. 대기실에서 찍은 듯한 이 사진은 제시의 아슬아슬한 뒤태 노출 패션이 담겼다. 제시는 청바지의 앞섬을 열어젖히고 골반에 걸쳐 끈팬티까지 당당하게 보여줬다. 등의 타투도 훤히 드러냈다.지난 7월 피네이션과 전속계약이 만료된 제시는 홀로 해외투어를 진행하며 글로벌 팬들과 만나고 있다.mulgae@sportsseoul.com사진출처|제시 소셜미디어
]"
2022.10.28. 오전 9:43,"
			김완선 ""블랙핑크, 뉴진스 부럽지만…'아이돌 1호'는 나""
		",https://n.news.naver.com/mnews/article/079/0003700885?sid=106,"[
작가 김완선, 취미로 그림 시작해 전시까지'프리다 칼로'에 큰 공감…그림에 영감 받아후배 해외진출 부러워…미국은 상상도 못해전성기 리즈 시절? 일에 대한 애정 잃기도마지막 꿈은…'딱 지금처럼만 살았으면'■ 방송 : CBS 라디오 &lt;김현정의 뉴스쇼&gt; FM 98.1 (07:20~09:00)■ 진행 : 김현정 앵커■ 대담 : 김완선 (가수)오늘은 반가운 손님 한 분이 뉴스쇼 스튜디오를 찾아주셨어요. 바로 이 목소리의 주인공입니다. 1986년 데뷔곡 오늘밤으로 단번에 스타가 됐고요. 그 후로 리듬속의 그 춤을, 삐에로는 우릴 보고 웃지, 이젠 잊기로 해요, 기분 좋은 날 등등 큰 사랑을 받았죠. 그런데 영원한 댄싱 퀸인 줄 알았던 김완선 씨가 화가가 돼서 돌아왔습니다. 최근에 전시회까지 연 김완선 씨 오늘 화제의 인터뷰에서 직접 만나보죠. 어서 오십시오.◆ 김완선&gt; 네, 안녕하세요. 반갑습니다.◇ 김현정&gt; 김완선 작가님.◆ 김완선&gt; 굉장히 어색합니다.◇ 김현정&gt; 36년 동안 가수로만 소개되다가.◆ 김완선&gt; 네.◇ 김현정&gt; 화가, 작가 이렇게 불리는 기분이 어떠세요?◆ 김완선&gt; 글쎄, 제가 사실 그 울산 국제아트페어에 처음 가서 관객분들하고 이렇게 대화하는 그런 시간이 있었어요. 그런 행사가 있었는데 거기에서 이제 저를 김완선 작가님으로 이렇게 소개를 하셨더라고요. 그래서 지금도 사실 너무 어색해요. 막 오그라드는 느낌. (웃음)◇ 김현정&gt; 오글오글. (웃음)◆ 김완선&gt; 오글거려서 좀 힘들었어요.◇ 김현정&gt; 아니, 뭐 꾸준히 음악 활동하시고 방송 활동하시고 열심히 활동을 하시는 건 알았는데 저는 그림을 이렇게 작품을 전시할 정도로 그리시는 줄은 몰랐어요.◆ 김완선&gt; 저도 제가 전시를 하게 될 거라고는 상상도 못했죠. 그런데 이제 제가 한 10년 전에 유화를 처음 배웠고 그 다음에 그때 너무 좋아서 나 이거 평생 그림 그릴 수 있는 좋은 취미를 갖게 됐다. 그런 마음이 들어서 좋았어요. 그런데 이제 그 이후에도 그림을 그리려고 해봤는데 일을 하다 보니까 그게 또 집중이 잘 안 되더라고요. 그러다가 이제 코로나를 겪게 되면서 진짜 본의 아니게 일이 없어졌죠. 그래서 이럴 때 뭘 해야 되나 하다가 이제 그림 생각이 나서.◇ 김현정&gt; 아 내가 잠깐 놨던 그 그림. 그걸 지금 그려야겠구나.◆ 김완선&gt; 그때 그림을 그려보고 싶다는 생각이 들었어요. 그래서 이제 그때부터 한 2년, 3년 동안 쭉 그렸던 게 어떻게 방송에 이렇게 나가게 되면서 초청을 받게 됐죠. 그래서 참 너무 감사하게 생각하고 하여튼 저에게 좋은 기회를 열어주신 것 같아요. 
김완선의 작품.◇ 김현정&gt; 그 작품들을 한 번 지금 보면서, 보면서 작가님의 설명을 직접 들어볼까요. 유튜브와 레인보우로 보실 수 있는 분들은 함께 봐주세요. 이 작품은 말이죠. 한 여성의 얼굴 그림인데 프리다 칼로라는 멕시코 화가라고요?◆ 김완선&gt; 맞아요. 이게 죽기 직전에 이 프리다 칼로의 마지막 말이 이 죽음의 여행이 행복하기를 그리고 다시 돌아오지 않기를 이런 말을 하고 죽은 거예요. 근데 그 말이 저한테 너무 이렇게 큰 영감을 줬던 것 같아요. 너무 와닿고 나랑 너무 비슷한 생각을 가진 사람이다 해서 그래서 그 글귀도 그림에 좀 적어넣었어요.◇ 김현정&gt; 지금 글귀가 이 죽음의 여행이 행복하기를 그리고 다시 돌아오지 않기를 이렇게 영어로 이렇게 적혀져 있는데 왜 이 말이 그렇게 마음에 와 닿으셨어요?◆ 김완선&gt; 정말 고통스러운 삶이지만 본인은 최선을 다해서 살았던 것 같아요. 그러니까 한이 남지 않은 거죠. 나도 죽을 때 그런 얘기를 할 수 있었으면 좋겠다.◇ 김현정&gt; 그런 아름다운 사연이 있어서 저 그림을. 출품도 하셨고 또 집에 벽면에도 저 그림이 걸려 있던데요.◆ 김완선&gt; 네.◇ 김현정&gt; 거실 벽에도 저 그림을 다 걸은, 두 번째 작품으로 가겠습니다. 김완선 화가의 두 번째 이 작품은 제목이 잇츠유 역시 여성의 그림인데, 여성의 얼굴인데 저는 언뜻 보면서 인상이 김완선 씨 자화상인가?◆ 김완선&gt; 자화상인 거죠.◇ 김현정&gt; 맞아요? 맞았구나. 머리를 약간 뭐라 그래야 돼요. 약간 빠글빠글 그렇게.◆ 김완선&gt; 제가 원래 곱슬머리예요.◇ 김현정&gt; 그러세요?◆ 김완선&gt; 태생이. 그래서 예전에 제가 데뷔했을 때 머리가 이렇게 곱슬곱슬한 머리가 그냥 저의 원래 머리예요.◇ 김현정&gt; 그게 파마하고 나오신 게 아니었어요?◆ 김완선&gt; 아니에요.◇ 김현정&gt; 지금이 오히려 편.◆ 김완선&gt; 지금 드라이 하고 나왔습니다, 아침에. 안 그럼 빠글빠글빠글 이렇게 돼요.◇ 김현정&gt; 저 모습이 바로 김완선 씨의 자화상. 잇츠유.◆ 김완선&gt; 잇츠유.◇ 김현정&gt; 그렇군요. 세 번째 그림으로 넘어가겠습니다. 이 작품이 이제 저는 미스터리인데 제가 지금 라디오를 들으시는 청취자들께 어떻게 설명을 드리기가 애매해요. 약간 언뜻 보면 무슨 동물, 늑대 같기도 하고 그런데 눈만 반짝반짝거리는 어떤 노란색 물체인데 제목이 삐에로는 우리를 보고 웃지입니다. 뭔가요? 이건. 
김완선의 작품.◆ 김완선&gt; 원래 사실은 거울 앞에 있는 사람인 거죠. 사실 저예요. 그래서 사실 같이 붙어 있는데 그 그림을 그리고 그리고 그리다 보니까 결국은 컬러를 다 빼게 됐어요. 처음에는 굉장히 컬러풀한 그림이었는데 자꾸 계속 보다 보면 또 이렇게 바꾸고 또 계속 보다 보면 또 이렇게 바꾸고 하다가.◇ 김현정&gt; 이 작품이 원래는 컬러가 많이 들어간 거였다고요. 지금은 거의 새까맣게 돼 있고 눈만 반짝반짝거리는 느낌인데.◆ 김완선&gt; 그래서 지금은 저 그림 완성은 거의 이제 컬러를 다 뺀 상태였는데 저게 결국엔 제일 마음에 들더라고요. 그래서 저렇게 됐는데 그래서 이제 삐에로는 우릴 보고 웃지라는 제목을 붙였어요.◇ 김현정&gt; 무슨 얘기를 하고 싶으셨을까요. 저 까맣게 덧칠이 된 저 작품에서.◆ 김완선&gt; 그냥 뭐 이렇게 뭐든 안 좋은 기억들을 덮어버리자?◇ 김현정&gt; 아니, 최근에 한 예능 프로그램을 보니까 이효리, 엄정화, 보아, 화사 후배 가수들이 김완선 씨 댁에 놀러 갔더라고요.◆ 김완선&gt; 네, 맞아요.◇ 김현정&gt; 저 뒤에도 그 거실 뒤에 이제 아까 그 프리다 칼로의. 그런데 이런 얘기를 하셨어요. 후배들한테. 가장 사랑을 받았던 시기가 나한테는 가장 힘든 시기였어. 선배 언니가 선배 가수가 그런 얘기를 하니까 다들 이게 무슨 얘기야 하면서 듣는 이런.◆ 김완선&gt; 그러니까 일적으로는 사실 너무 사랑을 많이 받았으니까 저한테는 가장 리즈 시절이기도 하겠죠. 근데 하지만 제 개인적으로는 조금 같이 일하시는 분하고 좀 갈등이 있었고 또 그런 거를 그 어린 나이였기 때문에 제가 아무리 풀고 싶어도 그게 되지가 않았어요. 시도조차 할 수도 없었고 시도를 한다 해도 금방 이렇게 무시되고 그런 게 계속 반복이 되다 보니까 어떤 가장 슬픈 거는 어떤 일에 대한 애정을 잃어버렸던 거죠. 그때 당시에.◇ 김현정&gt; 말하자면 즐기면서 하기가 어려운.◆ 김완선&gt; 좋아하는 일을 시작했는데 그 일을 좋아하게 되지 못하게 된 거죠. 그리고 좀 어느 정도는 포기를 하게 된 마음 그런 것도 좀 있었고 그런 게 사실은 좀 가장 안타까운 부분인 것 같아요. 제 인생에서.◇ 김현정&gt; 삐에로는 우릴 보며 웃지가 김완선 씨의 최대 히트곡 중에 하나인데 그 제목을 한 그림은 저렇게 까맣게 덧칠이 돼 있다는 게 지금 말씀하신 그 스토리와 다 맞아 떨어지는 게 있네요.◆ 김완선&gt; 좀 있는 것 같아요. 저도.◇ 김현정&gt; 여러분 김완선 씨 데뷔가 1986년이에요. 그때 17살. 세상에 지금이야 뭐 14, 13살 이런 가수들이 수두룩합니다만 그때만 해도 정말, 정말 이건 가요계의 충격이었던 거잖아요.◆ 김완선&gt; 그렇죠, 이제. 물론 그전에는 뭐 나미 선배님이나 이런 분들은 정말 다섯 살 때부터 노래, 하춘화 선배님도 이렇게 일찍 시작하신 분들도 계셨는데 저때 80년대에는 주로 이제 가수가 되는 나이가 일단 대학생이 되고 난 다음에 대학 가요제를 통해서라든가 그렇죠. 그런 가요제를 통해서 혹은 매니저들이 이렇게 라이브 카페 같은 데서 노래 잘하는 사람, 마음에 맞는 사람 있으면 같이 하고 그런 식으로 가수가 되는 기회가 있었다면 저처럼 이렇게 일찍한 케이스가 처음이죠. 그러니까 연습생 1호라고 보면 돼요.◇ 김현정&gt; 맞아요. 우리나라의 아이돌 1호. 
◆ 김완선&gt; 그렇죠, 아이돌.◇ 김현정&gt; 연습생 1호.◆ 김완선&gt; 그러니까 훈련을 받아서 이렇게 나온 케이스가 처음이죠.◇ 김현정&gt; 요즘에 종횡무진하는 후배들 보면 뭐 BTS니 블랙핑크니 뭐 이런 또 굉장히 어린 친구 뉴진스 이런 친구들 보면 어떠세요?◆ 김완선&gt; 부러워 죽겠어요.◇ 김현정&gt; 부러워 죽겠어요? 왜요?◆ 김완선&gt; 아니, 너무 일단 잘하고 일단 대한민국이 이런 시대가 올 거라고 정말 상상도 못했어요. 저희 어렸을 때는 저희 이제 이모였죠. 저희 매니저였던 분은 그때 우리나라에서 미국까지 이런 건 진출하는 건 좀 그렇고 하지만 아시아까지 할 수 있겠다라는 생각을 했었는데.◇ 김현정&gt; 미국은 상상도 못 할 일이었습니까?◆ 김완선&gt; 상상도 못했죠.◇ 김현정&gt; 내가 지금 다시 태어났으면 지금 내가 이거 BTS, 블랙핑크 저리 가라 했을 텐데 이런 생각 솔직히.◆ 김완선&gt; 당연하죠.◇ 김현정&gt; 아깝다.◆ 김완선&gt; 아깝다, 내가 더 잘 하는데.◇ 김현정&gt; 저는 1989년 작품 이젠 잊기로 해요를 정말 거짓말 안 하고 지금도 자주 들어요.◆ 김완선&gt; 너무 감사합니다.◇ 김현정&gt; 정말 제가 좋아하는 몇 곡, 그 손가락 다섯 손가락 안에 들 정도로 제가 좋아하는 곡인데.◆ 김완선&gt; 근데 저도 그 노래 이렇게 가끔 듣는데 너무 아련하고 좋아요.◇ 김현정&gt; 너무 좋아요. 이젠 잊기로해요.◆ 김완선&gt; 맞아요, 맞아요.◇ 김현정&gt; 조금 되세요? 지금.◆ 김완선&gt; 그럼요. 이젠 잊기로 해요. 이젠 잊어야 해요. 사람 없는 성당에서 무릎 꿇고 기도했던 걸 잊어요. 이렇게.◇ 김현정&gt; 그 어린 후배들, 지금 핫한 그 후배들 못지않게 멋진 작품을 가지고 돌아오셨는데 조금 전에 직접 작사 작곡에 프로듀싱에 뮤직비디오 감독까지 한 그 작품 신곡 제목이 사과꽃. 맞죠.◆ 김완선&gt; 표지도 제가 그린 거예요, 그림.◇ 김현정&gt; 표지도 이걸 직접, 지금 보여드리고 있어요. 이것도 김완선 씨 본인을 그리신 거 아닌가요.◆ 김완선&gt; 제 얼굴을 그렸어요. 더 예쁘게 그렸죠.◇ 김현정&gt; 그게 맞아요, 원래.◆ 김완선&gt; 그림이니까 제 마음대로 하는 거잖아요.◇ 김현정&gt; 작가가 그리겠다는데. 어떤 이야기를 담으신 곡이에요?◆ 김완선&gt; 이 노래는 좀 그렇죠, 인연, 깊은 인연과 헤어지고 그리워하는데 언젠가 내 마음에 봄이 오면 그래도 그런 그리움도 좀 사라지고 내가 행복하게 잘 살 수 있지 않을까라는 그런 좀 희망 사항도 좀 닮은 그런 가을하고 어울리는 발라드입니다.◇ 김현정&gt; 지금 흐르고 있네요. 지금 밑에 흐르고 있는 이 발라드 곡. 신곡 사과꽃 들으면서 인사드릴 텐데요. 김완선 씨의 마지막 꿈을 얘기해 주세요.◆ 김완선&gt; 지금처럼 잘 사는 게 제 꿈입니다. 딱 지금처럼만 살았으면 좋겠어요. 
◇ 김현정&gt; 재밌게.◆ 김완선&gt; 네, 재밌게.◇ 김현정&gt; 재미있게 즐기며 사는 화가이자 가수이자 작곡가이자 정말 다양한 일을 하고 있는 예술가 김완선 씨의 앞날을 응원하겠습니다. 오늘 고맙습니다.◆ 김완선&gt; 감사합니다.※CBS노컷뉴스는 여러분의 제보로 함께 세상을 바꿉니다. 각종 비리와 부당대우, 사건사고와 미담 등 모든 얘깃거리를 알려주세요.이메일 : jebo@cbs.co.kr카카오톡 : @노컷뉴스사이트 : https://url.kr/b71afn
]"
2022.10.24. 오전 9:13,"
			뉴진스, 폭발하는 긍정+힐링 에너지
		",https://n.news.naver.com/mnews/article/144/0000844386?sid=106,"[
 
뉴진스. 방송화면 캡처뉴진스(NewJeans)가 부산에서 웃음과 힐링 에너지를 선사했다.뉴진스(민지, 하니, 다니엘, 해린, 혜인)는 24일 방송된 SBS ‘뉴진스 코드 in 부산’에서 좌충우돌 여행을 펼쳤다. 이들은 각 장소에 걸린 미션을 수행하기 위해 불꽃튀는 승부욕을 발산하는가 하면 미션 실패도 긍정적으로 받아들이는 등 웃음과 힐링을 선사했다.부산의 명물 갈미조개를 먹으러 간 뉴진스는 초성 퀴즈 미션을 척척 맞히는 환상의 호흡을 보이며 모두가 미션에 성공했다. 멤버들은 무쌈과 김 등을  활용해 각자의 방식으로 갈미조개를 즐겨 새싹 ‘먹방러’의 자질을 보였다.다대포에 도착한 뉴진스는 아쉽게 놓친 일몰에 실망하기도 했지만, 이내 바다에 도착했다는 기쁨에 애니메이션 주제곡 ‘Under the Sea’를 불러 낙천적인 면모를 드러냈다. 이어 뉴진스는 낙조 분수대에서 분수쇼가 시작되자 일제히 분수대로 뛰어들었고, 데뷔곡 ‘Attention’에 맞춰 춤을 추면서 청춘 드라마의 한 장면 같은 뮤직비디오를 완성했다.뉴진스는 이날 하루 동안 수행한 비밀 미션을 공개하면서 해맑은 매력을 빛냈다. 혜인은 미션을 실패했음에도 도전했다는 것에 만족했고, 멤버들의 액세서리 모으기에 실패한 다니엘은 “3개나 모았다”라며 뿌듯해했다. 모두의 미션 결과가 공개된 뒤 멤버들은 “다들 잘 했다”라면서 서로를 다독여 돈독한 우정을 자랑했다.이튿날 아침 민지와 혜인은 해변을 거닐면서 달리기 경주를 펼치고 모래사장에 ‘뉴진스 in 코드’를 새기는 등 새로운 추억을 쌓았다. 이후 뉴진스는 루지 탑승에 앞서 터져 나오는 설렘을 감추지 않았고, 시작부터 함성을 지르며 루지의 매력에 푹 빠졌다.뉴진스는 방송 말미 ‘K-디저트 타임’을 예고하는 안내문을 받고 기대 만발하는 모습을 보였다. 이어 공개된 다음 회차 예고편에는 길거리 화보를 찍는 멤버들의 모습과 다도를 즐기는 장면이 공개돼 이들의 부산 여행이 어떻게 마무리됐을지 궁금증을 높였다.한편, ‘뉴진스 코드 in 부산’은 2030 부산세계박람회 유치를 기원하며 QR코드를 이용해 부산 곳곳을 여행하는 뉴진스의 첫 단독 예능 프로그램으로 지난 17일 첫 방송을 시작했다. 3주간 매주 월요일 오전 12시 5분 SBS에서 방송된다.김도곤 온라인기자 kim2010@kyunghyang.com
			]"
2022.10.27. 오전 10:19,"
			뉴진스 '안티가 코디로 위장 취업설, 패션이 어떻길래' [한혁승의 포톡]
		",https://n.news.naver.com/mnews/article/117/0003661615?sid=106,"[
 
[마이데일리 = 한혁승 기자] 떠오르는 대세 그룹 뉴진스가 팬 사이에서 코디의 안티설이 제기될 만큼 패션에 실망스러움을 드러냈다. 그룹 뉴진스 멤버들의 출중한 비주얼만큼 패션이 따라가지 못한다고 생각하고 있다.지난 14일 일본 케이콘 콘서트에 참석하기 위해 출국하는 뉴진스는 이른 아침부터 출국 모습을 담기 위한 취재진 앞에 완벽하게 코디된 모습으로 포즈를 취했다. 코디의 욕심인지 협찬 브랜드의 모든 아이템을 보여주는 듯 멤버들의 개성이라고 할 수 있는 헤어는 모두 모자로 덮어버리고 치마부터 와이드 팬츠까지 마치 옷 상점의 모든 아이템을 모두 보여주는듯한 패션을 선보였다. 말 그대로 얼굴만 완벽한 인형 같은 뉴진스였다.지난 21일 한 음료수 브랜드의 행사에 참석한 뉴진스의 패션도 얼굴이 부족한 패션을 커버한 코디였다. 다니엘과 민지는 색만 다른 니트 재질의 패션으로 같은 옷 누가 더 예쁘나 비교하 듯 패션을 선보였다. 민지를 제외한 모든 멤버들에게는 '이렇게 같은 디자인의 다양한 색상과 패턴의 모자가 있습니다'라고 보여주 듯 난해한 패션 포인트를 줬다. 가을 패션에 어울리는 롱부츠와 앵클부츠를 신은 멤버가 있는가 하면 혜인은 홀로 발가락을 드러낸 샌들을 신고 있다.스마트폰과 컴퓨터가 보편적으로 보급된 환경에서 자란 Z세대의 팬덤 문화는 적극적으로 자신이 좋아하는 아티스트에게 의견을 제시하고 실망스러운 것은 과감히 비판한다. 이러한 팬들의 반응은 소속사에서 콘셉트 등 새로운 결정을 할 때 고려해 반영되기도 한다. 모두가 인형 같은 비주얼의 뉴진스의 패션이 앞으로 어떻게 변할지 기대가 된다. 
한편 뉴진스는 미국 음악 전문 매체 빌보드가 25일(현지시간) 발표한 최신 차트(10월 29일 자)에 데뷔곡 '하이프 보이(Hype boy)'는 '글로벌(미국 제외)'과 '글로벌 200'에서 각각 56위와 93위에 랭크되었으며 '어텐션(Attention)'은 '글로벌(미국 제외)'에서 125위에 자리하며 12주 연속 차트인 성공으로 주목받는 신예임을 입증했다.(한혁승 기자 hanfoto@mydaily.co.kr)
]"
2022-10-24 11:48:47,"신한은행, 걸그룹 뉴진스 출연 '뉴 쏠' TV광고 2편 공개",https://n.news.naver.com/mnews/article/421/0006411995?sid=101,"[
11월30일까지 뉴진스 배경화면 다운시 추첨 통해 싸인CD 증정



(신한은행 제공)(서울=뉴스1) 신병남 기자 = 신한은행이 지난 20일 자사 금융 애플리케이션(앱) '뉴 쏠'(New SOL) 출시한 가운데, 뉴 쏠 광고모델인 걸그룹 '뉴진스'(New jeans)가 출연한 TV 광고 2편을 공개한다고 24일 밝혔다.광고는 '금융도 내 본능대로'란 메인 카피와 함께 순수하고 청량한 컨셉의 뉴진스가 등장해 90년대 걸그룹의 '하이틴 뉴트로' 감성과 밝은 에너지로 새로워진 쏠의 기능을 전달하는 내용이 담겼다.'내 맘 본능' 편에서는 뉴진스 멤버 하니와 다니엘이 각자 스타일에 맞는 액세서리로 매력을 뽐내며 직접 원하는 메뉴로 홈화면을 구성할 수 있는 '내 맘대로 홈' 기능을 사용해 각자의 스타일대로 뉴 쏠의 홈 화면을 꾸미는 에피소드를 담았다.'스토리 본능' 편은 거래 내역에 나만의 스토리를 담아 기록하고 공유할 수 있는 스토리뱅크 기능을 이용해, 뉴진스 멤버 혜인과 해린이 민지의 생일선물과 케이크 거래 내역을 사진과 영상으로 기록하며 추억을 공유하는 내용이다.신한은행은 뉴 쏠 TV광고 공개를 기념해 'New Jeans X 신한 SOL' 이벤트를 진행한다. 다음달 30일까지 뉴 쏠 이벤트 페이지에서 뉴진스 핸드폰 배경화면을 다운로드하면 자동으로 응모되며 추첨을 통해 5명에게 신한은행의 홍보모델로 선정된 뉴진스의 친필 싸인CD를 제공한다.신한은행 관계자는 ""1년간 고객의 소중한 의견을 직접 반영해 개발한 뉴 쏠의 시작을 시대의 아이콘으로 떠오른 뉴진스와 함께 하게 됐다""며 ""고객들이 이번 광고를 통해 '내가 만든 금융스토리, 마이플랫폼' 뉴 쏠의 기능을 쉽게 접하는 계기가 되길 바란다""고 말했다.
		]"
2022.10.27. 오전 10:00,"
			노홍철 “나만의 뉴진스였으면 좋겠다” 발언…로맨스 과몰입(잠만자는사이)
		",https://n.news.naver.com/mnews/article/609/0000647264?sid=106,"[
 
[뉴스엔 이슬기 기자] 충격의 오열 사태가 발발한다.10월 28일 공개되는 웨이브(Wavve) 오리지널 예능 ‘잠만 자는 사이’ 5, 6회에서는 세 번째 밤 데이트로 아수라장이 된 ‘독수공방 하우스’의 반전 상황이 펼쳐진다.이날 ‘독수공방 하우스’는 ‘시크릿 박스’의 등장과 함께 로맨스 대격변에 휩싸인다. 함께 밤을 보내지 않았던 사람들 중 ‘밤 데이트’ 상대를 선택해야 하는 미션이 시작되면서 출연자 8인의 고민이 깊어지는 것. 한 출연자는 휴대전화까지 떨구며 망연자실하고, 또 다른 출연자는 “너무 빡세다”며 나라 잃은 표정으로 심신 안정에 돌입한다.오로지 여자들의 선택으로만 결정되는 세 번째 밤 데이트에서는 여자들의 눈치싸움이 본격화된다. 서로의 속내를 탐지하려는 여자들의 살얼음판 기싸움을 지켜보던 정혜성은 “그만해! 불 지르지 말고 나가시라고요”라고 애절하게 외친다.  
예리한 눈빛으로 로맨스의 맥을 짚던 노홍철 역시, 과몰입 해석을 내놓는다. 그는 “요즘 어디 가면 ‘뉴진스 들어봤어?’라고 하도 해서 ‘뉴진스가 뭐야?’ 이러다가 ‘내가 만든 쿠키’를 200번은 들은 것 같다. 나중엔 내가 더 빠져서 나만의 뉴진스였으면 좋겠고…”라고 ‘독수공방 하우스’ 속 로맨스 판도를 ‘뉴진스’에 빗대어 분석한다.드디어 세 번째 밤 데이트가 다가오자, 반전에 반전을 거듭하는 충격 사태가 벌어진다. 이를 본 정혜성은 “전 울었을 것 같다”고 안타까워하고, 노홍철은 “화내도 인정”이라며 고개를 끄덕인다. 여기에 소름 돋는 ‘초유의 룰’까지 등장, 3MC는 “아아악!”, “진짜 잔인하다”를 동시에 외치며 ‘입틀막’ 한다.급기야 초조한 밤을 보내던 한 출연자는 감정을 주체하지 못해 눈물까지 보이고, “이 정도일 줄은 몰랐다. 집에 가고 싶다”면서, ‘독수공방 하우스’ 조기 퇴소 의향을 내비친다. 결국 정혜성은 미간까지 잔뜩 접으며 “아우, 어떡해”를 외치고, 노홍철도 “진짜 못 보겠다”며 말문을 닫는다.하지만 얼마지 않아, ‘반전 로맨틱남’의 등장으로 ‘잠만 자는 사이’의 로맨스 기류는 새롭게 바뀐다. 특히 은근한 스킨십 현장까지 포착되자, 3MC는 돌고래 비명을 지른다. 노홍철은 “난리났어, 이제!”라고 잔뜩 흥분하고, 정혜성은 “완전 남자다”라고 감탄한다. 독수공방 하우스’의 3일 차 핑크빛 로맨스 전말에 뜨거운 관심이 쏠린다.(사진=웨이브(Wavve) 제공)
]"
2022-10-27 10:58:04,"하늘색 콜라, 뉴진스·쌈디도 마셨다...복숭아 향 상큼",https://n.news.naver.com/mnews/article/014/0004919227?sid=101,"[




걸그룹 뉴진스 / 코카콜라 제공 



가수 쌈디(왼쪽)와 우원재 / 코카콜라 제공 



27일 서울 마포구 코카콜라 크리에디션 X 아르떼뮤지엄 '드림월드' 팝업스토어에서 한 방문객이 포토부스를 이용해 사진 촬영을 하고 있다. 사진=박문수 기자코카콜라의 신제품 '코카콜라 제로 드림월드'가 '하늘색 콜라'로 불리며 인기몰이 중이다. 코카콜라가 한정판 신제품 출시를 기념해 기획한 '코카콜라 에디션X아르떼뮤지엄' 드림월드 팝업스토어에는 대세 아이돌 뉴진스와 가수 쌈디, 배우 이이경 등도 방문했다. 누리소통망(SNS)에서 하늘색 콜라에 대한 입소문이 돌면서 드림월드를 찾는 2030세대도 늘고 있다.친구와 함께 체험존에서 서로 사진을 찍어주던 김보경씨(28)는 ""천장에 걸린 하얀 구름과 핑크빛 공간에 민트색 포인트의 문까지 예쁘니까 사진도 잘 나온다""고 말했다.   빨간색 패키징의 상징을 내려놓은 코카콜라의 전략이 유효했다. 하늘색 콜라와 핑크색 공간 그리고 연예인을 앞세워 MZ세대에게 호평을 이끌어냈다.   27일 찾은 서울 마포구 와이즈파크 코카콜라 에디션X아르떼뮤지엄 드림월드 팝업스토어는 채도 높은 색들로 화사했다. 디지털 아트를 전문으로 전시해온 아르떼뮤지엄과의 협업을 통해 구성된 팝업은 '인스타그래머블'한 감성으로 꾸며져 곳곳이 포토스팟으로 보였다. △포토존 △포토부스로 구성된 체험존과 △비치 △정글 △썬더 △코카콜라를 주제로 디지털 아트가 표현된 전시존을 돌아보니 코카콜라가 좀 더 '젊게' 느껴졌다.    



코카콜라 크리에디션 X 아르떼뮤지엄 '드림월드' 팝업스토어 /사진=박문수 기자 



코카콜라 크리에디션 X 아르떼뮤지엄 '드림월드' 팝업스토어 / 사진=박문수 기자    오는 12월 4일까지 운영되는 이번 팝업을 통해 코카콜라는 방문객이 콜라에 대한 새로운 경험을 할 수 있게 준비했다. 코카콜라 관계자는 ""독창적인 꿈의 세계를 표현한 디지털 미디어 아트를 통해 일상이 꿈처럼 황홀해지는 몰입을 경험하길 바란다""고 말했다.      올해 초 코카콜라는 이색적인 브랜드 경험을 제공하기 위해 '코카콜라 크리에디션'을 선보였다. 한정판 코카콜라를 출시해 소비자에게 '젊은' 콜라의 이미지를 어필했다. 최근 음료시장의 트렌드는 무설탕(슈가 프리)이다. 이에 발맞춰 드림월드 크리에디션도 코카콜라 제로로 국내에 출시됐다. 해외에서는 제로 슈가 제품뿐만 아니라 오리지널 제품도 지난 8월 출시됐다. 코카콜라 제로 드림월드의 캔을 따자 복숭아 향이 상큼했다. 끝향은 코카콜라의 지난번 크리에디션 마시멜로 에디션과 비슷했다.   #콜라 #팝업스토어 #코카콜라 #코카 #크리에디션 #아르떼뮤지엄 #드림월드  
]"
2022.10.26. 오전 7:28,"
			뉴진스, 美빌보드 12주 연속 차트인..글로벌 인기
		",https://n.news.naver.com/mnews/article/108/0003099578?sid=106,"[
 
뉴진스, 美빌보드 12주 연속 차트인..글로벌 인기걸그룹 뉴진스(NewJeans·민지, 하니, 다니엘, 해린, 혜인)가 12주 연속 빌보드 차트에서 존재감을 빛냈다. 미국 음악 전문 매체 빌보드가 25일(현지시간) 발표한 최신 차트(10월 29일 자)에 따르면, 뉴진스의 데뷔곡 'Hype boy'는 '글로벌(미국 제외)'과 '글로벌 200'에서 각각 56위와 93위에 랭크됐다. 'Attention'은 '글로벌(미국 제외)'에서 125위에 자리하며 12주 연속 차트인했다.데뷔 앨범 'New Jeans'는 '히트시커스 앨범'에서 24위를 기록했다. '히트시커스 앨범'은 메인 앨범 차트인 '빌보드 200' 100위권 진입 기록이 없거나 빌보드 지정 6개 차트 톱10에 오른 기록이 없는 '신예' 아티스트의 앨범을 대상으로 하는 차트로, 이 차트에 12주 연속 차트인함으로써 뉴진스는 주목받는 신예임을 입증했다. 
뉴진스, 美빌보드 12주 연속 차트인..글로벌 인기한편, 민희진 대표이사가 이끄는 어도어(ADOR)에서 선보인 뉴진스는 'New Jeans' 발매와 동시에 전 세계를 아우르는 대세 아티스트로 부상했다. 이들은 지난 19일 데뷔 약 3개월 만에 유튜브 구독자 수 100만을 달성하는 등 파죽지세 행보를 보이고 있다.문완식 기자(munwansik@mt.co.kr)
]"
2022-10-24 16:08:20,"""뉴진스도 뉴쏠""…신한은행, 새 TV광고 온에어",https://n.news.naver.com/mnews/article/008/0004809389?sid=101,"[




신한은행은 고객 중심 금융 앱으로 새로 태어난 신한 쏠(SOL)의 광고모델인 대세 걸그룹 뉴진스가 출연한 TV 광고 2편을 공개했다고 24일 밝혔다.이번 광고에는 '금융도 내 본능대로'란 메인 카피와 함께 순수하고 청량한 콘셉트의 뉴진스가 등장해 90년대 걸그룹의 '하이틴 뉴트로' 감성과 밝은 에너지로 새로워진 쏠(SOL)의 기능을 전달한다.'내 맘 본능' 편에서는 하니와 다니엘이 각자 스타일에 맞는 액세서리로 매력을 뽐내며 직접 원하는 메뉴로 홈화면을 구성할 수 있는 '내 맘대로 홈' 기능을 사용해 각자의 스타일대로 쏠(SOL)의 홈 화면을 꾸미는 에피소드를 담았다.'스토리 본능' 편은 거래 내역에 나만의 스토리를 담아 기록하고 공유할 수 있는 스토리뱅크 기능을 이용해, 혜인과 해린이 민지의 생일선물과 케이크 거래 내역을 사진과 영상으로 기록하며 추억을 공유하는 내용이다.신한은행은 뉴 쏠(New SOL) TV광고 공개를 기념해 'New Jeans X 신한 SOL' 이벤트를 진행한다. 11월 30일까지 뉴 쏠(New SOL) 이벤트 페이지에서 뉴진스 핸드폰 배경화면을 다운로드하면 자동으로 응모되며 추첨을 통해 5명에게 신한은행의 홍보모델로 선정된 뉴진스(New jeans)의 친필 싸인CD를 제공한다.신한은행 관계자는 ""1년간 고객의 소중한 의견을 직접 반영해 개발한 뉴 쏠(SOL)의 시작을 시대의 아이콘으로 떠오른 뉴진스와 함께 하게 됐다""며 ""고객들이 이번 광고를 통해 '내가 만든 금융스토리, 마이플랫폼' 뉴 쏠의 기능을 쉽게 접하는 계기가 되길 바란다""고 말했다.
]"
2022.10.26. 오후 2:46,"
			크리스탈 ‘뉴진스 대표’ 민희진과 각별한 생일파티
		",https://n.news.naver.com/mnews/article/144/0000845095?sid=106,"[
 
가운데 생일을 맞은 크리스탈이 초를 부는 표정을 짓고 있다. 민희진은 검은 볼캡을 쓴 채 브이를 했다가수 겸 배우 크리스탈이 민희진 대표와 각별한 우정을 자랑했다.26일 크리스탈은 자신의 인스타그램에 생일을 보낸 소감과 함께 사진을 올렸다.사진 속 크리스탈은 지인들과 함께하는 자리를 가졌다. 크리스탈은 케이크 촛불을 불고 다양한 포즈를 취하며 생일을 만끽했다. 
 
크리스탈 인스타그램 캡처특히 자리에는 하이브 산하 레이블 ‘어도어’ 대표 민희진이 참석해 눈길을 끈다. 민희진은 과거 SM엔터테인먼트의 아트디렉터로 일하며 크리스탈이 속한 그룹 에프엑스를 비롯해 샤이니, 엑소, 레드벨벳 등을 디렉팅한 바 있다.민희진은 SM엔터테인먼트를 퇴사한 후, 현재 ‘어도어’의 대표로 재직하며 그룹 뉴진스를 탄생시켰다. 크리스탈과 민희진의 여전한 우정이 훈훈함을 자아낸다.한편 크리스탈은 최근 본명 정수정으로 배우 활동에 주력하고 있다. 정수정은 최근 KBS2 드라마 ‘크레이지 러브’에 출연했으며, 영화 ‘거미집’ 개봉을 앞두고 있다.김지우 온라인기자 zwoome@kyunghyang.com
			]"
2022.10.25. 오후 12:05,"
			김유정 ""뉴진스 다니엘과 닮은꼴? 데뷔 때부터 팬…너무 예뻐요"" [N인터뷰]③
		",https://n.news.naver.com/mnews/article/421/0006414986?sid=106,"[
 
김유정/ 넷플릭스(서울=뉴스1) 정유진 기자 = 배우 김유정이 뉴진스 다니엘과 닮았다는 반응을 접했다면서 ""뉴진스를 되게 좋아한다""고 팬심을 드러냈다.김유정은 25일 오전 서울 종로구 삼청동 한 카페에서 진행된 넷플릭스 오리지널 영화 '20세기 소녀'(감독 방우리) 관련 뉴스1과의 인터뷰에서 다니엘을 닮았다는 얘기가 나오고 있다는 말에 이 같이 답하며 ""뉴진스가 데뷔하자마자 팬이 됐고 멤버 한 명 한 명 좋아한다, 많이 봤다, 닮았다는 이야기를, 비슷한 분위기가 있더라""라고 밝혔다. 이어 ""그런데 그 친구도 스타일링에 따라 다르게 보이기도 하더라, 풋풋한 느낌을 개인적으로 좋아하기도 하고, 어떻게 보면 다르고 어떻게 보면 닮기도 했다, 너무 예쁘지 않나 뉴진스""라고 말했다. 또한 그는 ""뉴진스가 나오자마자 유튜브 동영상으로 몇 번을 돌려봤는지 모른다, 기분이 좋았다, 요즘 예쁘게 나오는 핫한 친구를 닮았다고 하시니까""라며 ""(나보다는)조금 더 이국적인 느낌이다""라고 덧붙였다. '20세기 소녀'는 어느 겨울 도착한 비디오 테이프에 담긴 1999년의 기억, 17세 소녀 보라가 절친 연두의 첫사랑을 이루어주기 위해 사랑의 큐피드를 자처하며 벌어지는 첫사랑 관찰 로맨스다. 방우리 감독의 첫 번째 장편 영화 데뷔작이다.김유정은 절친 연두의 첫사랑을 위한 사랑의 큐피드로 나선 17세 나보라 역을 맡았다.한편 '20세기 소녀'는 지난 21일 넷플릭스에서 공개됐다.
			]"
2022.10.21. 오후 4:39,"
			뉴진스, 유튜브채널 구독자 100만명 돌파
		",https://n.news.naver.com/mnews/article/003/0011490099?sid=106,"[
기사내용 요약채널 개설 3개월도 안 돼 거둔 성과 
[서울=뉴시스] 뉴진스. 2022.10.21. (사진 = 어도어 제공) photo@newsis.com*재판매 및 DB 금지 *재판매 및 DB 금지[서울=뉴시스]이재훈 기자 = 대세 걸그룹 '뉴진스(NewJeans)'의 공식 유튜브 채널 구독자가 100만 명을 넘었다.21일 소속사 어도어(ADOR)에 따르면, 뉴진스 유튜브 채널 구독자가 지난 19일 100만 명을 돌파했다. 뉴진스는 8월1일 데뷔 앨범 '뉴 진스(New Jeans)' 발매 카운트다운 라이브를 시작으로 지금까지 50여 개의 영상을 공개했다. 3개월도 지나지 않아 100만 명 이상의 구독자를 확보할 정도로 파급력을 과시했다.뉴진스 유튜브 채널에는 데뷔 후 뉴진스가 리얼리티 프로그램에서 같이 해 보고 싶었던 일을 즐기는 모습을 담은 '뉴집스(NewZips)'를 비롯해 앨범 제작 비하인드를 담은 '메이킹 진스(Making Jeans)', 기획형 웹 예능 '진스 진(Jeans' ZINE)', 제작과 다양한 활동 비하인드를 가볍게 담은 '라이트 진스(Light Jeans) 등이 업로드됐다. 특히, 뉴진스가 데뷔 후 처음 선보인 자체 리얼리티 '뉴집스'는 첫 화부터 조회수 42만5134회를 기록했다. 이날 기준 티저를 포함한 '뉴집스'의 누적 조회수는 약 165만 회에 달한다. 어도어는 ""뉴진스는 '뉴집스'를 통해 데뷔 활동 비하인드부터 왁자지껄 캠핑, 서로의 버킷리스트 룩을 완성해 준 빈티지 숍 쇼핑까지 멤버들의 있는 그대로의 모습과 발랄한 예능감을 보여줘 호평을 받고 있다""고 전했다. 한편, '뉴집스'는 매주 토요일 오후 5시 공개된다. 오는 22일 오픈되는 5화에는 토끼 구출 작전을 펼치는 뉴진스의 모습이 공개될 예정이다.
]"
2022-10-25 21:02:01,뉴진스 쌈디도 반했다…홍대서 난리난 '하늘색 콜라' 뭐길래,https://n.news.naver.com/mnews/article/009/0005035570?sid=103,"[




지난 21일 걸그룹 뉴진스가 '콜라-콜라 제로 드림월드' 팝업스토어에 방문해 인증 사진을 남기고 있다. [사진 출처 = 코카-콜라] 코카-콜라가 하늘색 캔에 담긴 신제품 '코카-콜라 제로 드림월드' 출시를 기념해 홍대에 특별한 팝업스토어를 열었다. 제주, 여수, 강릉에서 만날 수 있던 아르떼뮤지엄과의 협업을 통해 몰입형 공간을 구현, 경험을 중시하는 젊은 층을 공략한다는 전략이다. 공식 개관 전날엔 뉴진스, 쌈디, 이이경 등 유명인이 대거 현장을 찾아 관심도를 높였다. ◆ 코카-콜라, 아르떼뮤지엄과 함께 '드림월드' 팝업 오픈25일 오후 2시 찾아간 서울 마포구 홍대 와이즈파크 '코카콜라 에디션X아르떼뮤지엄' 드림월드 팝업스토어는 ▲비치 ▲정글 ▲썬더 ▲코카-콜라 등 4개 테마로 구성돼 있었다. 비치 공간으로 들어서자 어둠 속에서 형형색색의 파도가 일렁였고 정글에서는 열대우림 속 기린, 코끼리 등이 움직이는 모습이 형상화됐다. 썬더 테마로 가면 강렬한 사운드와 함께 구름과 번개가 반짝반짝 빛났다. 코카-콜라 존에는 신제품 '제로 드림월드'를 맛볼 수 있는 냉장고를 중심으로 다양한 포토존이 마련돼 있었다. 젊은 층 사이에서 인기인 인생네컷 포토부스도 준비됐다. 현장 관계자는 ""2030세대 커플 방문객이 가종 많고 홍대라는 상권 특성상 외국인들도 종종 찾는다""면서 ""전시장뿐 아니라 주요 포토스팟, 인생네컷 부스 등에는 줄을 서기도 한다""고 설명했다.신제품 제로 드림월드는 코카-콜라가 한정판 프로젝트 '코카-콜라 크리에디션'의 국내 세 번째 제품이다. 기존 제로콜라에 복숭아 농축과즙을 가미해 상큼함을 더했고 캔 배경에 하늘색을 입혀 기존 제품과 차별화?다. 코카-콜라는 드림월드 팝업을 통해 단순 제품 홍보를 넘어 브랜드 고유의 독창성과 예술성을 적극 알린다는 전략이다. 지난 21일 문을 열어 오는 12월 4일까지 무료로 운영한다. 정식 개관 하루 전날인 지난 21일엔 프리오프닝 행사도 진행했다. 걸그룹 뉴진스를 비롯해 스프라이트의 새로운 모델 '스프라이트 보이즈'로 활동을 시작한 가수 로꼬와 GRAY(그레이), 씨그램 모델인 댄스팀 YGX 리더 리정, 배우 이이경 등이 참석해 눈길을 끌었다.◆ 식품업계 팝업 경쟁 치열…젊은 층 적극 공략



코카-콜라 제로 드림월드 팝업스토어의 `코카-콜라` 공간. [사진 = 이하린 기자] 최근 식품업계는 팝업스토어를 줄줄이 오픈하며 새로운 경험을 중시하는 2030세대를 적극 공략하고 있다. 비교적 적은 비용으로 소비자 반응을 미리 살펴볼 수 있는 데다 인스타그래머블한(인스타그램에 올릴 만한) 공간을 중심으로 SNS 입소문 효과까지 톡톡히 얻을 수 있어서다. 동서식품은 핼러윈 시즌에 맞춰 이달 말까지 스타필드 고양점에서 '오레오의 핼러윈 대모험'이라는 콘셉트로 핼로윈 오레오 제품 팝업스토어를 진행한다.  



코카-콜라 제로 드림월드 팝업스토어의 `비치` 공간. [사진 = 이하린 기자] 이달 초에는 매일유업이 서울 성동구 성수동에 귀리 관련 제품을 체험할 수 있는 팝업스토어 '어메이징 오트(귀리) 카페'를 열었고 CJ제일제당 비비고는 국내 크래프트(수제) 맥주기업 제주맥주와 손잡고 팝업스토어 '도깨비 만두바'를 개관했다. 농심켈로그는 지난 21일까지 서울 서대문구 연희동에서 '리얼 그래놀라 크런치 오트'를 다양하게 경험할 수 있는 '켈로그 오트로드 by 연희'를 운영했다. 롯데리아가 지난달 22일부터 이달 10일까지 종로구 익선동에서 운영한 1호 팝업스토어 '불고기랩 9222'는 직·간접 체험객 누적 20만명을 돌파하며 종료했다.
]"
2022.10.21. 오전 11:49,"
			뉴진스 다니엘
		",https://n.news.naver.com/mnews/article/003/0011489259?sid=106,"[
 
[서울=뉴시스] 박진희 기자 = 그룹 '뉴진스' 다니엘이 21일 서울 마포구 와이즈파크에서 열린 코카콜라 크리에디션과 아르떼 뮤지엄 '드림월드' 팝업 오픈 기념 미디어 행사에 참석하여 포즈를 취하고 있다. 2022.10.21. pak7130@newsis.com[사진 영상 제보받습니다] 공감언론 뉴시스가 독자 여러분의 소중한 제보를 기다립니다. 뉴스 가치나 화제성이 있다고 판단되는 사진 또는 영상을 뉴시스 사진영상부(n-photo@newsis.com)로 보내주시면 적극 반영하겠습니다.
]"
2022.10.21. 오전 11:48,"
			포즈 취하는 뉴진스
		",https://n.news.naver.com/mnews/article/003/0011489243?sid=106,"[
 
[서울=뉴시스] 박진희 기자 = 그룹 '뉴진스' 민지, 하니, 다니엘, 해린, 혜인이 21일 서울 마포구 와이즈파크에서 열린 코카콜라 크리에디션과 아르떼 뮤지엄 '드림월드' 팝업 오픈 기념 미디어 행사에 참석하여 포즈를 취하고 있다. 2022.10.21. pak7130@newsis.com[사진 영상 제보받습니다] 공감언론 뉴시스가 독자 여러분의 소중한 제보를 기다립니다. 뉴스 가치나 화제성이 있다고 판단되는 사진 또는 영상을 뉴시스 사진영상부(n-photo@newsis.com)로 보내주시면 적극 반영하겠습니다.
]"
2022.10.25. 오전 7:23,"
			윤은혜, 뉴진스 안무 선보여…""즉흥적으로 했는데 칼군무각""
		",https://n.news.naver.com/mnews/article/008/0004809616?sid=106,"[
 
/사진=윤은혜 인스타그램 캡처가수 겸 배우 윤은혜(38)가 인기 걸그룹 '뉴진스'의 안무를 완벽하게 복사했다.유튜브 채널 '윤은혜의 은혜로그in'은 24일 'Hype boy 막막막차! MZ 함께하는 뉴진스'라는 제목의 영상을 게재했다.46초 분량의 영상 속에서 윤은혜는 자신의 지인과 함께 뉴진스의 곡 'Hype boy' 커버 댄스를 선보였다. 윤은혜는 과거 걸그룹 '베이비복스'로 활동한 경험이 있는 만큼, 안무를 깔끔하게 소화해 눈길을 끌었다.윤은혜는 영상 설명을 통해 ""아프리카 다녀와서 막막차 탄 Hype boy…더이상 막차는 없겠죠?""라며 ""즉흥으로 하게 됐는데 약간 칼군무 각이 나오죠? 시험공부 중이라 바쁘지만 함께해준 시영아 고마워""라고 전했다.한편 윤은혜는 최근 MBC 예능 '놀면 뭐하니?'에 출연해 프로젝트 그룹 'WSG 워너비'로 활동한 바 있다. 그는 오는 29일 처음 방송되는 tvN 예능 '인생에 한 번쯤, 킬리만자로'에 출연한다. 
/사진=유튜브 채널 '윤은혜의 은혜로그in' 캡처
]"
2022.10.27. 오전 11:15,"
			크리스탈, '뉴진스 대표' 민희진과 여전한 SM 의리…생일도 함께
		",https://n.news.naver.com/mnews/article/312/0000577673?sid=106,"[
				
				
				[텐아시아=김서윤 기자] 
사진= 크리스탈 인스타그램가수 겸 배우 크리스탈이 민희진 대표와 친분을 자랑했다.크리스탈은 지난 26일 자신의 인스타그램에 ""안녕하세요. 생일 파티 4번으로 좀 바빠서 아직 3번 남았지만. 가족, 친구 &amp; 팬들에게 받은 사랑에 너무 감사합니다! 선물&amp;케이크&amp;꽃 다 잘 받았어요. 감사해요!""라는 글과 함께 여러 장의 사진을 게재했다. 
사진= 크리스탈 인스타그램공개된 사진에는 케이크를 선물 받고 행복한 표정을 지은 크리스탈의 모습이 담겨있다. 특히 자리에 '어도어' 대표 민희진이 참석해 시선을 사로잡았다.민희진은 SM 대표 아트디렉터로 소녀시대, 에프엑스, 엑소, 엔시티 등을 디렉팅한 바 있다.리스탈은 최근 종영한 KBS 2TV 월화드라마 '크레이지 러브'에 출연했다.김서윤 텐아시아 기자 seogugu@tenasia.co.kr
			]"
2022.10.25. 오후 4:02,"
			시크릿넘버·아이브·뉴진스·최예나·트와이스, K-POP GIRL BRAND 1위~5위 박빙
		",https://n.news.naver.com/mnews/article/312/0000577312?sid=106,"[
텐아시아 아티스트 톱텐(ARTIST TOP TEN)K-POP GIRL BRAND 부문 투표 25일(오늘) 자정 마감현재 1위 시크릿넘버2위 아이브3위 뉴진스4위 최예나5위 트와이스[텐아시아=강민경 기자] 
시크릿넘버, 아이브, 뉴진스, 최예나, 트와이스 /사진=텐아시아 DB걸그룹 시크릿넘버, 아이브, 뉴진스, 최예나, 트와이스가 텐아시아 아티스트 톱텐(TENASIA ARTIST TOP TEN) 10월 ' K-POP GIRL BRAND' 부문 1위부터 5위에 이름을 올렸다.지난 12일부터 텐아시아 투표 서비스를 통해 아티스트 톱텐(TENASIA ARTIST TOP TEN) 글로벌 투표가 진행 중이다. 해당 투표는 이날 자정에 마감된다.시크릿넘버는 현재 텐아시아 아티스트 톱텐(TENASIA ARTIST TOP TEN) 10월 ' K-POP GIRL BRAND' 부문 1위에 올랐다. 이어 아이브, 뉴진스, 최예나, 트와이스가 2~5위에 이름을 올렸다.후보 기준은 K-POP BOY, K-POP GIRL BRAND는 당월 멜론 차트 내 남자 및 여자 아이돌그룹 및 솔로 중 당월 상위 30위권, HOT GENRE BRAND는 당월 멜론차트 및 아이돌 챔프 월간 차트 진입 이력이 있는 국내 그룹 및 솔로 아티스트 중 당월 상위 30위권이다.매월 텐아시아 아티스트 톱텐(TENASIA ARTIST TOP TEN)에 주어지는 혜택은 아티스트 단독 특집 기사, 매월 텐아시아 메인 내 Artist Top Ten으로 홍보된다.강민경 텐아시아 기자 kkk39@tenasia.co.kr
			]"
2022.10.25. 오후 3:41,"
			[Y초점] '르세라핌→뉴진스 약진' 하이브, 눈 떠보니 신흥 걸그룹 명가?
		",https://n.news.naver.com/mnews/article/052/0001805250?sid=106,"[
 
방탄소년단(BTS)을 주력으로 내세우던 하이브(HYBE)가 각 레이블에서 탄생한 걸그룹들의 선전으로 안도의 한숨을 내쉬고 있다. 이 같은 최근의 흐름은 방탄소년단의 진(본명 김석진)을 시작으로 한 군 입대 계획이 본격적으로 시작됐기에 더욱 큰 의미를 갖는다. 지난 17일 하이브 측은 공식 보도자료를 통해 방탄소년단 진의 입대 계획을 발표했다. 이후 박지원 하이브 대표 이사는 주주들에게 보내는 서한을 통해 ""단기적으로 내년 상반기까지 일부 (BTS) 멤버들의 개인 활동이 예정돼 있다""고 밝힌 후 ""내년에는 4개 이상의 팀을 세상에 선보인다""고 설명하며 투자자들을 안심시켰다.이처럼 하이브가 제시한 미래 청사진과는 별개로 최근 각 레이블들의 대표 걸그룹들이 크게 약진 중인 것이 눈에 띈다. 증권가 역시 이 걸그룹들의 행보 등에 주목하면서 하이브에 대한 가치를 긍정적으로 내다보고 있다. 먼저 하이브의 레이블 어도어에서 탄생한 신인 그룹 뉴진스(NewJeans)는 시작부터 파격적인 프로모션을 선보여 화제를 모았다. 이들은 데뷔와 동시에 '어텐션', 'hype boy', 'Cookie' 등 세 편의 뮤직 비디오를 통해 멤버를 공개했다. 이후 음원이 공개되자 멜론, 지니, 벅스 등 국내 주요 음원 사이트에서 '어텐션'이 1위에 올랐으며, 이 데뷔 앨범의 수록곡 모두 주요 차트 상위권에 랭크됐다. 뿐만 아니라 음반 판매량 역시 발매 사흘 만에 선주문량 44만장 돌파, 걸그룹 역대 데뷔 음반 선주문 최고 신기록을 새로 썼으며 지상파 3사 음악 방송에서도 1위를 거머쥐는 등 갓 데뷔한 걸그룹이라는 것이 믿기지 않을 정도의 성적을 거뒀다. 이처럼 올해 상반기에는 뉴진스가 하이브를 웃게 했다면 하반기에는 미니 2집 'ANTIFRAGILE'을 들고 돌아온 르세라핌(LE SSERAFIM)의 기세가 눈에 띈다.  
 
르세라핌은 지난 데뷔 앨범 타이틀곡이 다소 늦게 대중의 사랑을 받았다. 이에 더해 멤버의 과거 리스크까지 이어지면서 적지 않은 우여곡절을 겪어야 했다. 이후 하이브가 지금의 5인 체제로 멤버 구성을 변경했고 이번 미니 2집 'ANTIFRAGILE'은 5인조 르세라핌의 성공 가능성을 점치는 가늠자 역할을 하게 됐다. 결과는 예상외의 뜨거운 반응으로 이어졌다. 미니 2집 선주문량이 예약 판매 17일 만에 56만 장을 돌파했고 앨범 선주문량이 62만 장이 판매됐다. 하이브 내부에서는 르세라핌의 음반 파워에 크게 고무된 상태다. 이러한 후배 걸그룹들의 약진에도 불구하고 탄탄한 팬덤을 보유 중인 프로미스나인의 꾸준함도 칭찬할 만하다. 직전 앨범인 미니 9집 'from our Memento Box'를 통해 음반 자체 최고 기록을 쓰며 커리어 하이를 달성한 것은 물론, '엠카운트다운', '뮤직뱅크', '쇼! 음악중심' 등에서 1위 트로피를 품에 안았다.또한, 최근에는 멤버 장규리 씨의 활동 종료 이슈에도 불구하고 지난 9월에는 데뷔 후 첫 단독 콘서트 'LOVE FROM.'을 성공적으로 개최하며 팬덤 내부 결속에 나서기도 했다. 앞서 밝힌 하이브 레이블 산하 세 걸그룹들의 행보를 보면 앞으로 이들의 비중은 점점 커질 전망이다. 방탄소년단의 부재가 확실시 된 현재 하이브는 아이러니하게도 '걸그룹 명가'가 될 절호의 기회를 맞았다. 과연 이 세 팀의 걸그룹은 큰 오빠들(BTS)의 빈 자리를 조금이나마 채울 하이브의 미래 먹거리로 성장할 수 있을까. [사진=OSEN]* YTN star에서는 연예인 및 연예계 종사자들과 관련된 제보를 받습니다. ytnstar@ytn.co.kr로 언제든 연락주시기 바랍니다. 감사합니다.
			]"
2022.10.19. 오전 8:02,"
			뉴진스, 美빌보드 11주연속 차트인
		",https://n.news.naver.com/mnews/article/144/0000843297?sid=106,"[
 
뉴진스(NewJeans).  어도어(ADOR)뉴진스(NewJeans)가 11주 연속 빌보드 차트인 했다.미국 음악 전문 매체 빌보드가 18일(현지시간) 발표한 최신 차트(10월 22일 자)에 따르면, 뉴진스(민지, 하니, 다니엘, 해린, 혜인)는 ‘글로벌(미국 제외)’, ‘글로벌 200’, ‘월드 앨범’, ‘히트시커스 앨범’, ‘사우스코리아 송’, ‘싱가포르 송’, ‘필리핀 송’ 등 총 7개 차트에 랭크됐다. 이들은 음원 발표 8일 만에 빌보드 차트(8월 13일 자)에 진입한 뒤 11주 연속으로 차트인 하는, 놀라운 성과를 보이고 있다.데뷔곡 ‘Hype boy’와 ‘Attention’은 ‘글로벌(미국 제외)’에서 각각 53위와 101위에 자리했고, ‘글로벌 200’에서는 79위, 148위에 랭크됐다.‘Hype boy’는 ‘사우스 코리아 송’, ‘싱가포르 송’, ‘필리핀 송’에도 차트인했는데, ‘사우스 코리아 송’ 차트에서는 전주 대비 2계단 반등하며 처음 정상에 올랐다. ‘Attention’과 ‘Cookie’는 ‘사우스 코리아 송’에서 각각 4위와 10위에 자리해 트리플 타이틀곡 모두 상위권을 지키고 있다.데뷔 앨범 ‘New Jeans’는 ‘월드 앨범’ 15위, ‘히트시커스 앨범’ 20위를 차지했다.한편, 민희진 대표이사가 이끄는 어도어(ADOR)에서 선보인 뉴진스는 ‘New Jeans’ 발매와 동시에 전 세계를 아우르는 대세 아티스트로 부상했다. 이들은 데뷔 79일 만에 ‘2022 더팩트 뮤직 어워즈’에서 신인상인 ‘넥스트 리더’를 수상하며 식지 않는 ‘뉴진스 신드롬’을 지속하고 있다.안병길 기자 sasang@kyunghyang.com
			]"
2022.10.26. 오후 6:57,"
			정수정, 여전한 SM 의리..'뉴진스 맘' 민희진과 생일파티[스타IN★]
		",https://n.news.naver.com/mnews/article/108/0003099841?sid=106,"[
 
/사진=정수정 인스타그램가수 겸 배우 정수정(크리스탈)이 어도어 CEO 민희진과 생일 파티를 공개했다.정수정은 26일 자신의 인스타그램에 ""안녕 모두들. 생일 파티 4번으로 좀 바빠서 아직 3번 남았지만 네 가족 친구 &amp; 팬들에게 받은 사랑에 너무 감사합니다! 선물&amp;케익&amp;꽃 다 잘 받았어요 감사해요!""란 글을 게재했다.사진 속엔 케이크 3개를 앞에 둔 정수정의 모습이다. 케이크를 바라보며 은은하게 웃고 있는 정수정에게선 행복감이 느껴진다. 특히 생일 파티를 같이 한 친구 중 민희진이 있어 이목을 끈다.정수정이 그룹 에프엑스로 활동하던 시절, A&amp;R로 있던 민희진과 작업, 다수 앨범으로 좋은 성적을 거뒀다. 그들의 연이 지금까지 이어져 오고 있어 놀라움을 자아낸다. 한편 정수정은 영화 '거미집'(감독 김지운)에 출연한다. '거미집'은 1970년대, 다 찍은 영화 '거미집'의 결말을 다시 찍으면 더 좋아질 거라는 강박에 빠진 김감독이 검열 당국의 방해와 바뀐 내용을 이해하지 못하는 배우와 제작자 등 미치기 일보직전의 악조건 속에서 촬영을 감행하면서 벌어지는 처절하고 웃픈 일들을 그리는 영화다.안윤지 기자 zizirong@mtstarnews.com 
]"
2022.10.26. 오전 6:31,"
			‘뉴진스 코드 in 부산’, 벌써 ‘인증샷’ 명소로 [원픽! 핫 플레이스]
		",https://n.news.naver.com/mnews/article/382/0001012593?sid=106,"[
스카이파크 전망대·마린 어드벤처 파크·청사포… 
걸그룹 뉴진스가 SBS 예능프로그램 ‘뉴진스 코드 in 부산’을 통해 부산 여행기를 공개해 인기를 끌고 있다. 사진제공｜SBS 걸그룹 뉴진스(민지·하니·다니엘·해린·혜인)가 최근 방송하는 SBS 예능프로그램 ‘뉴진스 코드 in 부산’(뉴진스 코드)을 통해 부산 곳곳에 숨겨진 관광명소를 소개해 눈길을 끈다. 이들의 발자취를 뒤따르는 팬들이 각종 SNS에 인증샷을 잇따라 올리면서 해당 장소들이 벌써 ‘핫 플레이스’로 발돋움하고 있다.  16일 첫 방송한 ‘뉴진스 코드’는 멤버들이 부산을 여행하며 다양한 미션을 수행하는 과정을 담는다. 5명 멤버 모두 10대인 이들은 바다를 보며 애니메이션 ‘인어공주’ 삽입곡을 부르거나 갑자기 달리기 시합을 하는 등 발랄하고 엉뚱한 매력을 드러내 웃음을 자아낸다. 또 부산의 명물인 돼지국밥을 즐기고, 루지를 타고 도로를 질주하는 모습으로 ‘반전’도 선사한다. 이들이 프로그램을 촬영한 송도 스카이파크 전망대, 영도 마린 어드벤처 파크, 전포공구길, 청사포 등대, 대대포 낙조분수쇼 등에는 이미 팬들의 발길로 북적이고 있다. 부산시티투어버스를 이용하는 방법이나 멤버들이 부평깡통시장에서 사먹은 물떡, 호두과자 등 각종 먹거리를 판매하는 점포 등에 대한 정보도 각종 SNS에서 끊임없이 공유되고 있다. 이에 부산관광공사는 이들의 여행 코스를 활용한 이벤트도 열었다. 이들이 방문한 장소마다 설치된 QR코드를 찍어 각종 미션을 따라한 후 개인 SNS에 인증샷을 올리면 된다. 공사 측은 11월 30일까지 이벤트에 참가한 사람 중 일부에게 추첨을 통해 뉴진스 친필사인 등을 제공할 계획이다.유지혜 기자 yjh0304@donga.com 
]"
2022-10-21 16:17:01,‘뉴진스 코드 in 부산’ 촬영지 여행 코스로 나온다,https://n.news.naver.com/mnews/article/658/0000023176?sid=101,"[
송도 영도 전포 광안리 등 촬영지여행코스 개발하고 SNS 이벤트K-POP 스타 뉴진스가 부산에서 촬영한 ‘뉴진스 코드 in 부산’의 장소들이 여행 코스로 개발된다.21일 부산관광공사는 예능 프로그램 ‘뉴진스 코드 in 부산’의 촬영지를 여행 코스로 만들고 공사 유튜브 채널 ‘VISIT BUSAN’을 통해 온라인 이벤트를 진행한다고 밝혔다.



부산시티투어버스를 타고 부산을 여행 중인 뉴진스. 부산관광공사 제공공사는 프로그램 속 촬영지인 ▷송도 스카이파크 전망대 ▷영도 마린 어드벤처 파크 ▷부산시티투어버스(부산역 정류장) ▷전포공구길(청년플래닛) ▷광안리 관광안내소(드론쇼) ▷해운대리버크루즈 ▷청사포 등대 일대에 이벤트 미션을 확인할 수 있는 QR코드 입간판을 설치했다.미션을 따라 여행 인증샷을 촬영하고 개인 SNS 계정에 업로드하면 이벤트 참가가 가능하다. 공사 관계자는 “글로벌 관광도시 부산을 알리기 위한 사업의 일환으로 제작한 이번 예능 프로그램의 촬영지를 신규 부산 여행코스로 개발해 국내외 여행객 대상으로 다양한 프로모션을 진행할 계획”이라며 “관광객 유치 확대를 위해 숨겨진 부산 관광지를 지속적으로 발굴하고 알리겠다”고 말했다.뉴진스의 첫 단독 예능프로그램 ‘뉴진스 코드 in 부산’은 지난 16일 밤 12시 5분 첫 방송을 시작으로 오는 23일 밤 두 번째 편이 공개된다.두 번째 에피소드에서는 뉴진스가 부산에서만 맛볼 수 있는 ‘갈삼구이(갈미조개+삼겹살)’를 맛보고 다대포의 낙조분수쇼를 감상하는 모습이 담길 예정이다.
		]"
2022-10-20 10:29:01,신한은행 '쏠'→'뉴쏠'로 대대적 개편…그룹 '뉴진스' 지원사격[영상],https://n.news.naver.com/mnews/article/015/0004764757?sid=101,"[
진옥동 행장 ""모든 연령층이 이해할 수 있도록 쉽게 만들어""



그룹 뉴진스/ 사진제공=어도어신한은행의 애플리케이션(이하 앱) 신한 '쏠(SOL)'이 신한 '뉴쏠(New SOL)'로 새롭게 바뀐다. 바뀐 앱은 고객이 원하는 대로 홈화면을 구성하는 등 개인의 스토리를 담을 수 있도록 한 것이 특징이다.20일 신한은행은 지난 1년 간 고객의 소중한 의견을 모아 개발한 금융 앱 '뉴 쏠'(New SOL)’을 출시했다고 밝혔다.신한은행은 2018년 신한 쏠(SOL) 출시 이후 수집된 앱 관련 고객 의견을 분석하고, 이를 바탕으로 고객 자문단 1만명을 모집했다. 이들은 최근 1년여 간 '뉴 앱 프로젝트'의 기획 및 개발 과정에 직접 참여했다.신한은행 측은 ""은행의 앱이 아닌 고객의 앱으로, 금융 앱 패러다임을 고객 중심으로 전환하기 위해 노력했다""고 설명했다.신한은행에 따르면 '뉴 쏠'은 기존 앱 신한 쏠(SOL) 대비 최대 4배 빠른 속도로 개선됐다. 또한▲고객이 직접, 원하는 메뉴로 홈 화면을 구성하는 ‘나만의 홈 화면’ ▲수취인을 계좌번호가 아닌 친구, 그룹으로 등록해 바로 이체할 수 있는 ‘뉴 이체’ ▲거래 내역에 나만의 스토리를 담아 기록, 공유할 수 있는 ‘스토리 뱅크’ 등 새로운 서비스를 선보인다.이 외에도 인공지능(AI) 기술로 30여가지 금융 업무를 도와주는 ‘셀프 클로징 챗봇’, 큰 글자크기로 시니어 고객도 보다 편리하게 이용 가능한 ‘쉬운 모드’ 등 다양한 서비스를 제공한다.



신한은행 본점 건물신한은행은 뉴쏠 출시를 기념해 이날 오전 은행 본점에서 고객 자문단과 언팩 세러머니(Unpack Ceremony)를 진행했다. 행사는 조용병 신한금융그룹 회장의 고객 자문단에 대한 감사 인사를 시작으로, 진옥동 신한은행장의 '뉴 쏠' 개발 철학 키노트 스피치, '뉴 쏠' 개발에 함께한 고객과 직원의 '개발 스토리 &amp; 토크쇼' 순서로 진행됐다.이날 행사에 참석한 진옥동 은행장은 ""어려운 금융 용어는 지우고 모두가 이해하기 쉽게 표현하기 위해 노력했다""며 ""글씨 크기도 더욱 확대해 고령층들도 편하게 사용하실 수 있도록 했다""고 말했다.이어 ""고객과 함께 만드는 쏠의 진화는 앞으로도 계속될 것""이라며 ""누구나 더 쉽고 편안하게 새로운 금융을 누릴 수 있도록 최선의 노력을 다하겠다""고 덧붙였다.특히 이번 행사에서는 '뉴 쏠' 광고모델인 걸그룹 뉴진스(New Jeans)의 광고를 최초 공개하고, 핵심 기능을 체험할 수 있는 체험존, 고객과 함께 할 수 있는 포토존 등 다양한 이벤트를 준비했다.신한은행 관계자는 ""'뉴 쏠'이 고객에게 제공되는 앱이 아닌 고객이 제작하는 앱의 시작이 되었으면 한다""며 ""언팩 행사 또한 뉴 쏠(New SOL)의 시작부터 함께 해주신 고객에게 가장 먼저 공개한다는 취지로 기획했다""고 강조했다. 



20일 신한은행은 금융 앱 '쏠(SOL)'을 개선한 '뉴 쏠'(New SOL)'을 출시했다고 밝혔다. 영상은 신한은행 '뉴쏠' 광고에 출연한 그룹 뉴진스.
]"
2022.10.23. 오전 2:02,"
			뉴진스, 비밀 미션 뭘까?…""해린이 그런 애 아닌데""
		",https://n.news.naver.com/mnews/article/003/0011491129?sid=106,"[
 
[서울=뉴시스] '뉴진스 코드 in 부산' 2022.10.21. (사진= SBS 제공)photo@newsis.com *재판매 및 DB 금지[서울=뉴시스]정진아 인턴 기자 = 그룹 '뉴진스'가 멤버들 간 케미 넘치는 모습을 보여준다.뉴진스는 24일 오전 0시 15분에 방송하는 SBS '뉴진스 코드 in 부산' 2회에서 다대포 해수욕장과 광안리 해변을 방문한다. 멤버들은 다대포 '꿈의 낙조 분수쇼'를 보며 물에 뛰어든다. 숙소에 도착한 뉴진스는 비밀 미션의 결과를 공개한다. 멤버 해린의 미션을 들은 나머지 멤버들은 ""해린이가 그런 말을 하는 애가 아닌데""라며 놀란다. 뉴진스는 다양한 잠옷 패션을 선보이며 부산 여행의 첫날을 마무리한다.다음날 아침 일찍 일어난 멤버 민지와 혜인은 광안리 해변에서 산책을 즐긴다. 둘은 ""아침부터 놀러 나온 기분인데?"", ""너무 재밌는 거 아니야?""라고 말한다.루지를 타기 위해 이동하는 차 안에서 멤버 다니엘은 '루지 타러 간다~나는 신난다~'라는 노래를 즉석에서 만들어 다같이 부른다. 높이 올라가는 리프트에서 겁먹은 혜인에게 민지는 ""언니가 잡아줄게""라고 다독여준다.
]"
2022-10-28 06:01:01,‘막강 4세대’ (여자)아이들·르세라핌 컴백…음원·음반 다 잡았다 [더 차트],https://n.news.naver.com/mnews/article/025/0003234212?sid=101,"[
  써클차트 글로벌 K팝 차트    2022년 10월 넷째 주    



미니 5집 '아이 러브'(I LOVE)로 하프 밀리언셀러를 달성한 (여자)아이들. 사진 큐브엔터테인먼트    (여자)아이들((G)I-DLE)과 르세라핌(LE SSERAFIM)이 컴백 돌풍을 일으켰다. 블랙핑크(BLACKPINK)를 필두로 걸그룹 강세 현상이 지속하고 있다.       블랙핑크는 정규 2집 ‘본 핑크’(BORN PINK) 타이틀곡 ‘셧 다운’(Shut Down)으로 5주 연속 글로벌차트 정상을 지켜냈다. 선공개곡 ‘핑크 베놈’(Pink Venom)은 전주 2위에서 한 단계 하락한 3위에 머물렀다. 이 기간(10월 16~22일) 국내 음원이용량을 바탕으로 집계한 써클지수는 각각 1921만8603점, 1653만2942점을 기록했다. 블랙핑크는 또 소셜차트 9주 연속 1위를 달리고 있다. 연관 키워드로는 ‘곡이 돋보이는’ ‘존재감을 과시하는’ ‘글로벌한 인기를 얻는’ 등이 있다.      



써클차트의 글로벌차트를 장기 집권 중인 블랙핑크. 사진 YG엔터테인먼트       지난 17일 나란히 컴백한 르세라핌과 (여자)아이들은 글로벌차트 2위와 4위에 랭크했다. 글로벌차트에선 르세라핌의 ‘안티프래자일’(ANTIFRAGILE) 순위가 높았지만, 음반판매량과 국내 기반의 써클지수에선 (여자)아이들이 앞섰다. (여자)아이들의 앨범 ‘아이 러브’(I LOVE)는 집계기간 63만7090장의 판매고를 올렸고, 타이틀곡 ‘누드’(Nxde)는 써클지수 2720만9678점을 기록했다. 르세라핌의 ‘안티프래자일’은 63만817장이 팔렸고 동명의 타이틀곡 써클지수는 1852만9588점으로 집계됐다.     



르세라핌이 신보 ‘안티프래자일’(ANTIFRAGILE)로 하프밀리언셀러(50만장 이상 판매)를 달성했다. 사진 쏘스뮤직           8월 컴백한 뉴진스(NewJeans), 아이브(IVE), 트와이스(TWICE)의 롱런도 돋보인다. 뉴진스는 ‘하입 보이’(Hype boy)와 ‘어텐션’(Attention)으로 각각 5위, 8위에 이름을 올렸다. 아이브도 6위에 ‘애프터 라이크’(After LIKE), 10위에 ‘러브 다이브’(LOVE DIVE)로 차트 존재감을 냈다. 트와이스의 ‘톡 댓 톡’(Talk that Talk)은 9위에 들었다. 주간 음반 판매량은 뉴진스가 1만651장, 아이브가 9만7036장을 기록했다.     지코(ZICO)는 걸그룹이 휩쓴 글로벌차트 사이에서 7위에 안착했다. 댄스 챌린지 힘입은 ‘새삥’으로 국내 유행을 이끌고 있다. 써클지수는 2879만9731점으로, 주간 글로벌차트에 오른 톱10 음원 중 써클지수가 가장 높아 눈길을 끈다.    세계인은 어떤 K팝을 가장 많이 들을까 셀 수 없이 많은 미디어를 타고 흐르는 K팝. 요즘 K팝의 90%는 해외에서 소비된다. 그런데 이중 뭐가 진짜 가장 인기 있는 음악인지 알아보는 건 쉽지 않다. 대한민국 대표 대중음악차트 써클차트(구 가온차트)는 국내 음원차트(멜론ㆍ벅스ㆍ바이브ㆍ지니ㆍ플로)에 애플뮤직ㆍ스포티파이ㆍ유튜브까지 글로벌 플랫폼의 차트 데이터를 받아 전 세계에서 인기 있는 K팝을 매주 집계하고 있다. 앨범차트는 유통사와 소속사를 통해 데이터를 제공 받아 국내외 출고량을 줄세운 지표다. 소셜차트 2.0은 유튜브ㆍ틱톡ㆍ뮤빗의 이용량과 마이셀렙스의 소셜지수를 통해 언급량을 따져, 주간 인기 가수를 한눈에 알아볼 수 있도록 했다. 국내 유통되는 모든 음악을 다루며 공개된 데이터에 더해, 소속사와 유통사만이 가진 비공개 데이터도 분석을 통해 신뢰성을 더했다.  
]"
2022.10.21. 오전 11:48,"
			뉴진스 해린의 눈망울
		",https://n.news.naver.com/mnews/article/003/0011489249?sid=106,"[
 
[서울=뉴시스] 박진희 기자 = 그룹 '뉴진스' 해린이 21일 서울 마포구 와이즈파크에서 열린 코카콜라 크리에디션과 아르떼 뮤지엄 '드림월드' 팝업 오픈 기념 미디어 행사에 참석하여 포즈를 취하고 있다. 2022.10.21. pak7130@newsis.com[사진 영상 제보받습니다] 공감언론 뉴시스가 독자 여러분의 소중한 제보를 기다립니다. 뉴스 가치나 화제성이 있다고 판단되는 사진 또는 영상을 뉴시스 사진영상부(n-photo@newsis.com)로 보내주시면 적극 반영하겠습니다.
]"
2022.10.18. 오후 4:40,"
			뉴진스, 올 겨울 컴백 시동
		",https://n.news.naver.com/mnews/article/144/0000843228?sid=106,"[
 
그룹 뉴진스의 컴백설이 돌고 있다.18일 각종 매체에 따르면 뉴진스는 12월 초 새 앨범을 발표하고 가요계에 컴백할 예정이다. 4개월 만의 빠른 컴백을 예고한 이들은 최근 뮤직비디오 촬영까지 돌입한 것으로 드러났다.뉴진스는 매일 찾게 되고 언제 입어도 질리지 않는 진(Jean)처럼 시대의 아이콘이 되겠다는 포부와 ‘New Genes’가 되겠다는 각오를 팀명에 담은 그룹이다. 이들은 힙하고 트렌디한 패션과 풋풋하면서도 자연스러운 이미지로 데뷔와 동시에 각종 차트를 휩쓸며 인기를 끌었다.뉴진스의 데뷔곡 ‘Attention’은 발매된 지 6시간 만에 ‘TOP 100’ 9위에 자리하며 ‘최단기간 TOP 10 진입 데뷔곡’ 타이틀을 거머쥐었다. 이후 발매 197시간 만인 8월 9일 오후 11시 ‘TOP 100’ 1위에 올라 걸그룹 데뷔곡으로는 최단기간에 정상을 달성하는 신기록을 세웠다.싱그러운 매력으로 데뷔 79일 만에 ‘2022 더팩트 뮤직 어워즈’에서 신인상 ‘넥스트 리더’를 수상하며 저력을 보여준 뉴진스. 그들이 제시할 새 반향에 기대가 쏠리고 있다.김지우 온라인기자 zwoome@kyunghyang.com
			]"
2022-10-20 09:09:05,[차세대리더-문화예술] 뉴진스 가수,https://n.news.naver.com/mnews/article/586/0000046475?sid=103,"[
[시사저널 선정 '2022 차세대리더' 100인]시대의 아이콘 된 뉴진스에 'Attention'시사저널의 창간 기획 '차세대 리더 100'은 국내 언론 사상 최장기 기획인 '누가 한국을 움직이는가'의 미래 버전이다. 창간 33주년을 맞아 시사저널이 내놓는 '2022 차세대 리더 100'의 선정 과정은 예년과 크게 다르지 않다. 정치, 경제(기업·IT·스타트업), 사회(법조·환경·NGO·종교·의학·과학·크리에이터), 문화(예술·영화·방송연예·스포츠·레저) 각 분야에서 내일의 대한민국에 큰 영향력을 행사할 것으로 기대되는 인물 100명을 추렸다. 여론조사 전문기관 '칸타퍼블릭'에 의뢰해 전문가 500명, 일반 국민 500명 등 총 1000명을 대상으로 설문조사를 진행했고, 이를 기초자료로 해서 시사저널 기자들이 각 분야 전문가들의 자문을 받아 후보군을 압축했다. 최종적으로 시사저널 편집국에서 올 한 해 미디어에 나온 여러 자료를 검토하고 검증하는 과정을 거쳤다. 국내외적으로 그 어느 때보다 미래의 불확실성과 함께 위기감이 커지는 2022년 말. 시사저널이 제시하는 100명의 차세대 리더를 보면서, 그래도 내일을 기대해볼 수 있는 시간을 갖기를 소망해 본다.



ⓒ뉴스1강렬한 콘셉트와 세계관이 등장하는 K팝 시장에서, 풋풋하고 자연스러운 모습으로 두각을 나타내는 이들이 있다. ""매일 찾게 되고, 언제 입어도 질리지 않는 진(Jean)처럼 시대의 아이콘이 되겠다""는 포부를 담은 신인 그룹. 뉴진스(NewJeans)다. 올해 7월 데뷔한 뉴진스는 소녀시대, 에프엑스 등 다수의 SM 아이돌그룹을 히트시킨 민희진 크리에이티브 디렉터가 하이브로 이적한 뒤 직접 프로듀싱해 선보인 어도어 소속 4세대 걸그룹이다. ""1997년 1세대 걸그룹 S.E.S가 첫 등장했을 때가 겹쳐진다""는 얘기가 나올 정도로 뉴진스는 걸그룹 시장에서 뜨거운 돌풍을 일으켰다.뉴진스는 한국과 베트남, 호주 출신 멤버로 구성된 다국적 걸그룹이다. 평균 연령은 16.4세. 민지, 하니, 다니엘, 해린, 혜인까지 다섯 멤버 전원이 10대다. 검은 생머리와 옅은 화장, 스포티한 의상은 다른 걸그룹의 콘셉트와 차별화된다. 다른 그룹들이 '걸크러시' 콘셉트를 강조한다면, 뉴진스는 풋풋한 소녀들의 자연스러운 느낌을 내세운다. 음악에서도 이지리스닝 팝 계열을 추구한다. 멤버들의 음색을 살린, 듣기 편한 음악에 대한 호응도 이어진다.음반과 음원에서도 대단한 기록을 만들어냈다. 데뷔 앨범은 발매 첫날 26만 장 이상 판매됐다. 2019년 9월 이후 데뷔한 아이돌 가운데 발매 당일 최다 기록이자, 역대 걸그룹 데뷔 앨범 발매 첫날 판매량 신기록이다. 앨범 발매 일주일 동안의 음반 판매량을 말하는 초동판매량도 31만 장을 넘기며 새로운 기록을 썼다. 9월말 음원사이트 멜론의 발표에 따르면, 뉴진스는 역대 걸그룹 최초로 데뷔곡 《Attention》과 《Hype boy》를 멜론 TOP100 1위와 2위에 동시에 올렸다. 미국 빌보드 차트에 9주 연속 차트인하고, K팝 그룹 데뷔곡 최초로 세계 최대 음악 스트리밍 업체 스포티파이의 '위클리 톱 송 미국'에 차트인하며 전 세계를 아우르는 대세 아티스트로 떠올랐다.




]"
2022.10.24. 오후 11:30,"
			'뉴진스 커버' 윤은혜, 춤선 어디 안 가네‥요정돌은 달라요 ('은혜로그in')
		",https://n.news.naver.com/mnews/article/109/0004726321?sid=106,"[
 
[OSEN=최지연 기자] 가수 겸 배우 윤은혜가 춤선을 자랑했다. 24일, 윤은혜는 “Hype boy 막막막차! MZ함께하는 뉴진스~ | 윤은혜 하입보이""라는 제목으로 영상을 게재했다. 영상 속 윤은혜는 그륩 뉴진스의 노래 'Hype boy'의 안무를 완벽하게 소화해내 눈길을 끌었다. 윤은혜는 이어 ""아프리카 다녀와서 막막차 탄 Hype boy,, 더이상 막차는.. 없겠죠? ㅋㅋ;; 이름하여,, MZ세대가 함께 춘 하잎뽀이 z세대 칭구는 한 번 보고도 안무를 따네요. 대단쓰""라 설명했다.그뒤 ""즉흥으로 갑자기 함께 하게 됐는데도 약간 칼군무 각이 나오죠? ㅎㅎㅎㅎ 시험 공부 중이라 바쁘지만 함께해준 시영아 거마워 #하입보이 #뉴진스 #댄스커버""라 덧붙이며 지인에게 고마움을 표했다. 한편 윤은혜는 최근 MBC '놀면 뭐하니?'에 출연, 프로젝트 그룹 WSG워너비 멤버로 활동했다. 오는 29일 첫 방송을 앞두고 있는 tvN 새 예능 '인생에 한 번쯤, 킬리만자로'에 출연한다./ walktalkunique@osen.co.kr[사진] '윤은혜의 은혜로그in' 영상화면
]"
2022.10.24. 오전 12:01,"
			[TMA 인터뷰] 뉴진스 ""하고픈 것? 붕어빵 피크닉 겨울바다 산책 핫초코""
		",https://n.news.naver.com/mnews/article/629/0000179812?sid=106,"[
'2022 TMA' 넥스트 리더 수상…""뉴진스 음악 사랑해줘서 너무 감사"" 
그룹 뉴진스 멤버 다니엘 해린 하니 민지 혜인(왼쪽 위부터 시계방향으로)이 8일 오후 서울 송파구 방이동 KSPO DOME(올림픽 체조경기장)에서 열린 '2022 더팩트 뮤직 어워즈'에서 가진 &lt;더팩트&gt;와 인터뷰에서 각 자 매력을 살린 하이틴 청량 포즈를 취하고 있다. /이새롬 기자 하반기 가요계를 강타하고 있는 그룹 뉴진스(NewJeans)에게 따라붙는 수식어는 '괴물 신인'이다. 데뷔한 지 100일도 되지 않은 뜨거운 신인이지만, 각 종 음원차트나 음악방송은 물론 10대 소녀들만의 청량한 하이틴 콘셉트로 국내외 K팝 차트를 싹쓸이 하고 있다.뉴진스는 8일 서울 송파구 올림픽체조경기장(KSPO DOME)에서 열린 '2022 더팩트 뮤직 어워즈(THE FACT MUSIC AWARDS, TMA)'에서 올해 가장 주목을 받고 미래가 더 기대되는 신인에게 주어지는 '넥스트 리더'를 수상했다.뉴진스의 '2022 TMA' 넥스트 리더 수상은 데뷔 후 처음으로 참석한 시상식에서 받은 상으로 의미를 더하다. 이에 민지 하니 다니엘 해린 혜인 등 다섯 멤버들은 수상 이후 진행된 &lt;더팩트&gt;와 인터뷰에서 시종일관 환한 미소를 보이면서 기쁜 마음을 감추지 못했다. 뉴진스가 이날 꾸민 무대는 댄스챌린지 열풍을 몰고 온 '하입 보이'(Hype Boy)와 큰 사랑을 받은 대표곡 '어텐션'(Attention). 톡톡 튀는 발랄한 의상과 청량감 넘치는 무대 매너로 '2022 TMA'의 포문을 활짝 열어 젖혔다.혜인은 ""데뷔하기 전에 저희끼리 연습을 열심히 했는데, 기대보다 너무 많은 분들께서 저희가 공유하고 싶은 음악을 많이 사랑해주시고 저희 무대를 보고 밝은 에너지를 함께 느끼실 수 있는 것 같아서 너무 뿌듯하다. 많이 사랑해주셔서 너무너무 감사하다는 말씀 드리고 싶다""고 소감을 전했다. 
지난 7월 22일 데뷔한 그룹 뉴진스는 데뷔하자마자 발표한 3곡이 동시에 사랑을 받으면서 K팝 '괴물 신인'으로 불리고 있다. /이새롬 이선화 기자뉴진스 멤버들은 전원 10대 소녀로 구성된 하이틴 그룹이다. 데뷔와 동시에 큰 스포트라이트를 받으면서 앞으로 뉴진스의 행보를 기대하는 이가 더 많지만, 그 만큼 하고 싶은 것이나 먹고 싶은 것이 많을 나이다. '밥은 먹고 다니는 지' 걱정하는 팬들을 위해 지금 이 순간 가장 하고 싶은 것이나 먹고 싶은 게 있는 지 물었다.먼저 혜인은 ""최근들어 날씨가 점점 추워지고 있는 붕어빵을 먹고 싶다. 겨울 간식을 팬분들과 함께 나눠먹고 싶다""고 말했다. 멤버들은 '붕어빵'이라는 단어가 나오자 모두 환호하면서 영락없는 소녀처럼 깔깔 댔다. 막간을 이용해 팥과 슈크림 붕어빵을 두고 '밸런스 게임'을 진행했더니 혜인 다니엘 해린은 팥을, 민지와 하니는 슈크림을 골랐다.이어진 질문에 가고 싶은 곳을 말한 멤버도 있었다. 민지는 ""저는 저희 멤버들이랑 되게 예쁜 곳에 피크닉을 가고 싶다. 되게 여유롭게 책도 읽거나 맛있는 걸 먹고 하면 힐링되고 좋을 것 같다""고 했고, 하니는 ""제가 호주에 있을 때 밤에 겨울 바다를 자주갔다. 겨울에 멤버들과 함께 바다를 가고 싶다는 생각이 든다""고 했다. 해린은 ""저는 산책하는 것을 좋아한다. 멤버들도 (산책을)좋아해서 꼭 멤버들과 같이 밤 산책을 해보고 싶다""며 소망을 내비쳤다. 
뉴진스가 8일 오후 서울 송파구 방이동 KSPO DOME(올림픽 체조경기장)에서 열린 '2022 더팩트 뮤직 어워즈'에서 &lt;더팩트&gt;와 인터뷰를 하며 포즈를 취하고 있다. /이새롬 기자다니엘은 가고 싶은 곳과 먹고 싶은 것을 동시에 답했다. 다니엘은 ""혜인 씨가 말한 붕어빵도 너무 좋다. 그런데 이제 겨울이니까 멤버들과 다같이 아이스스케이팅 장을 가서 핫초코를 먹고 싶다""며 밝게 웃었다.뉴진스는 데뷔하자마자 '괴물 신인'으로 불리지만 앞으로의 미래가 더욱 기대되는 팀이다. 마지막으로 목표가 무엇인지 물었다.민지는 ""많은 팬분들 앞에서 되게 신나는 음악과 함께 저희 콘서트를 꼭 해보고 싶다. 저희 뉴진스의 음악과 좋아해주시는 분들이 함께 있는 콘서트라면 너무너무 행복할 것 같다""고 말했다.발로 뛰는 더팩트는 24시간 여러분의 제보를 기다립니다.▶카카오톡: '더팩트제보' 검색▶이메일: jebo@tf.co.kr▶뉴스 홈페이지: http://talk.tf.co.kr/bbs/report/write
]"
2022-10-20 10:18:05,"""뉴진스가 광고모델이네"" 신한은행, 모바일 앱 '뉴 쏠' 출시",https://n.news.naver.com/mnews/article/417/0000861858?sid=101,"[




사진=신한은행 신한은행은 금융 애플리케이션(앱)인 '뉴 쏠(New SOL)'을 출시했다고 20일 밝혔다.신한은행은 2018년 신한 쏠(SOL) 출시 이후 수집된 앱 관련 고객 의견을 분석하고 이를 바탕으로 고객 자문단 1만명을 모집 1년여간 '뉴 앱 프로젝트'의 기획 및 개발과정에 직접 참여시켰다.'뉴 쏠'은 기존 앱 신한 쏠(SOL) 대비 최대 4배 빠른 속도로 개선됐고 ▲고객이 직접, 원하는 메뉴로 홈 화면을 구성하는 '나만의 홈 화면' ▲수취인을 계좌번호가 아닌 친구, 그룹으로 등록해 바로 이체할 수 있는 '뉴 이체' ▲거래 내역에 나만의 스토리를 담아 기록, 공유할 수 있는 '스토리 뱅크' 등 새로운 서비스를 제공한다.이외에도 AI(인공지능) 기술로 30여가지 금융 업무를 도와주는 '셀프 클로징 챗봇', 큰 글자크기로 시니어 고객도 보다 편리하게 이용 가능한 '쉬운 모드' 등 서비스도 선보였다.신한은행은 이날 오전 서울 중구 본점에서 개발 과정에 함께 참여한 고객들과 기념행사를 열었다. 조용병 신한금융그룹 회장도 이날 행사에 참석해 고객 자문단에게 감사의 말을 전했다.진옥동 신한은행장도 이 자리에서 '뉴 쏠' 개발 철학 키노트 스피치와 '뉴 쏠' 개발에 함께한 고객과 직원의 '솔직한 개발 스토리 &amp; 토크쇼' 등에 참여했다.특히 이번 행사에서 '뉴 쏠' 광고모델인 걸그룹 '뉴진스(New Jeans)'의 광고도 처음으로 공개됐다.신한은행 관계자는 ""'뉴 쏠(New SOL)'이 고객에게 제공되는 앱이 아닌 고객이 제작하는 앱의 시작이 됐으면 한다""며 ""앞으로도 고객이 원하는 더 쉽고, 더 편안한, 더 새로운 금융을 향해 끊임없이 노력하겠다""고 말했다.
]"
2022.10.28. 오전 7:01,"
			크리스탈, 발그레한 청순미소…생일파티 7번 하는 '핵인싸'
		",https://n.news.naver.com/mnews/article/477/0000390690?sid=106,"[
 
▲ 출처| 크리스탈 인스타그램[스포티비뉴스=정혜원 인턴기자] 그룹 에프엑스 출신 배우 크리스탈(정수정)이 생일파티 모습을 공개했다.크리스탈은 26일 자신의 인스타그램에 ""안녕하세요 여러분. 저는 4번의 생일파티로 조금 바빴고 아직 3개가 더 남았어요. 하지만 내 가족, 친구들, 팬들의 사랑을 받아 너무 감사해요. 선물, 케이크, 꽃 다 잘 받았어요. 감사해요""라며 사진을 여러 장 게재했다.공개된 사진에서 크리스탈은 2개의 케이크 앞에서 소원을 빌기도 하고, 꽃받침 포즈를 취하며 행복한 미소를 드러냈다. 
▲ 출처| 크리스탈 인스타그램특히 뉴진스 소속사 대표이사 민희진과 함께 찍은 사진을 공개해 관심을 모았다. 앞서 민희진은 SM엔터테인먼트 크리에이티브 디렉터로 일하며 크리스탈이 속한 에프엑스 앨범 디렉팅을 맡은 바 있다. 두 사람은 SM엔터테인먼트에서 나간 후에도 여전히 우정을 이어오고 있는 것으로 보인다.한편 크리스탈은 영화 '거미집' 개봉을 앞두고 있다. 민희진은 하이브 산하 신규 레이블 어도어 대표이사로 '민희진 걸그룹'이라고 불리는 뉴진스를 탄생시켜 많은 인기를 얻었다. 
▲ 출처| 크리스탈 인스타그램
]"
2022.10.22. 오전 8:43,"
			뉴진스, 공식 유튜브 채널 구독자 수 100만 돌파
		",https://n.news.naver.com/mnews/article/021/0002537222?sid=106,"[
 
걸그룹 뉴진스  걸그룹 뉴진스(NewJeans)의 공식 유튜브 채널 구독자가 100만 명을 넘었다.21일 소속사 어도어(ADOR)에 따르면, 뉴진스(민지, 하니, 다니엘, 해린, 혜인) 공식 유튜브 채널 구독자가 지난 19일 100만 명을 돌파했다. 뉴진스는 8월 1일 데뷔 앨범 ‘New Jeans’ 발매 카운트다운 라이브를 시작으로 지금까지 50여 개의 영상을 공개했고, 3개월도 지나지 않아 100만 명 이상의 구독자를 확보할 정도로 빠르게 성장했다.뉴진스 유튜브 채널에는 데뷔 후 뉴진스가 리얼리티 프로그램에서 같이 해 보고 싶었던 일을 즐기는 모습을 담은 ‘NewZips’를 비롯해 앨범 제작 비하인드를 담은 ‘Making Jeans’, 기획형 웹 예능 ‘Jeans’ ZINE’, 제작과 다양한 활동 비하인드를 가볍게 담은 ‘Light Jeans’ 등 뉴진스의 매력을 가득 담은 다채로운 콘텐츠가 업로드돼 있다.특히, 뉴진스가 데뷔 후 처음 선보인 자체 리얼리티 ‘NewZips’는 첫 화부터 조회수 42만5134회를 기록했고, 21일 기준 티저를 포함한 ‘NewZips’의 누적 조회수는 약 165만 회에 달한다. 뉴진스는 ‘NewZips’를 통해 데뷔 활동 비하인드부터 왁자지껄 캠핑, 서로의 버킷리스트 룩을 완성해 준 빈티지 숍 쇼핑까지 멤버들의 있는 그대로의 모습과 발랄한 예능감을 보여주고 있다.한편, ‘NewZips’는 매주 토요일 오후 5시 공개된다.
]"
2022-10-11 10:22:03,뜨거워지는 뱅킹 앱 경쟁…신한은행 '뉴진스' 모델로,https://n.news.naver.com/mnews/article/015/0004760408?sid=101,"[




신한은행은 오는 20일 새단장하는 모바일 뱅킹 앱 '뉴 쏠(New SOL)' 모델로 대세 걸그룹 ‘뉴진스’를 발탁했다고 11일 밝혔다.우리은행이 가수 아이유를 모바일 뱅킹 모델로 앞세워 월활성이용자수(MAU) 확대 효과를 톡톡히 누리자 은행권의 빅모델 섭외 경쟁이 본격화했다는 분석이 나온다.‘뉴진스’는 각종 국내외 주요 음원차트에서 신기록을 갈아치우며 돌풍을 일으키고 있는 신인 걸그룹으로 데뷔앨범 ‘뉴 진스(New Jeans)’ 발매와 동시에 라이징 K팝 그룹으로 급부상했다.멜론, 지니 등 국내 각종 음원 차트의 정상을 차지한데 이어 미국 빌보드 내 글로벌(미국제외) 차트에 9주(10월 6일 기준) 연속 오르는 등 해외에서도 뜨거운 관심을 받고 있다.신한은행은 세대 불문 남녀 노소 모두에게 사랑받아온 Jean(진·청바지)같은 시대의 아이콘이 되겠다는 뉴진스의 이미지가 더 빠르고, 쉽고, 편하게 이용할 수 있는 금융의 아이콘으로 새롭게 태어나는 쏠(SOL)과 부합해 광고모델로 발탁했다.신한 뉴 쏠(New SOL)은 4년 전 오픈한 신한 쏠(SOL)을 고객 자문단 1만 명의 의견을 반영해 모든 고객이 더 쉽고 편안하게 새로운 금융을 경험할 수 있도록 업그레이드한 새로운 뱅킹 앱이다.더 빨라진 속도와 함께 ▲나만의 화면구성 ▲스토리뱅크 ▲뉴 이체 등 새롭고 다양한 서비스를 제공하게 된다.신한은행은 오는 20일 ‘신한 뉴 쏠(New SOL) 언팩’ 행사를 개최하고 개발과정에 참여한 고객을 초청해 뉴 쏠(New SOL)의 새로운 서비스와 혜택, TV CF 등을 가장 먼저 공개할 계획이다.신한은행 관계자는 “쏠(SOL)의 새로운 시작을 매력적인 음악과 스타일로 전세계의 주목과 사랑을 받고 있는 뉴진스와 함께하게 되어 더욱 기대된다”며 “시대의 아이콘으로 자리잡고 있는 뉴진스처럼 신한 쏠(SOL)도 고객에게 새로운 경험을 선사하는 금융의 대세 아이콘으로 자리잡는 금융플랫폼이 되길 바란다”고 했다.
]"
2022-10-27 03:03:17,“내 아이돌 내가 키운다” 걸그룹 ‘헤메코’ 바꾸는 Z세대 팬덤,https://n.news.naver.com/mnews/article/020/0003458639?sid=103,"[
“코디가 안티” 등 일회성 비판 넘어, 구체적 의견 제시하며 집단행동아이브 팬들 “메이크업 테러 당해”… 뉴진스 팬들은 “각설이 만들었나”담당자들, 사과-해명하며 지적 반영“4세대 팬덤, 함께 한다는 의식 강해”



15일 일본 도쿄 ‘케이콘 2022―저팬’ 무대에 선 뉴진스. 팬들은 짙은 화장, 어색한 염색, 알록달록한 의상이 이들과 어울리지 않는다고 지적했다. 케이콘 유튜브 화면 캡처‘이 미친 메이크업과 헤어는 이제 끝내야 한다.’ 올해 8월 트위터에는 걸그룹 아이브의 ‘헤메코’(헤어, 메이크업, 코디)를 비판하는 글이 올라왔다. 글쓴이는 ‘멤버들은 무대뿐만 아니라 광고, 화보, 예능에서까지 메이크업 테러를 당하고 있다’고 비판했다. 칙칙한 화장과 어색한 머리 스타일로 수차례 공식석상에 선 데다 지난달 컴백을 앞두고 공개된 콘셉트 사진에서 멤버들의 ‘퍼스널 컬러’(피부 톤과 어울리는 색상)를 고려하지 않은 메이크업을 한 게 도화선이었다. 트위터에는 ‘#아이브＿샵＿바꿔’라는 해시태그도 등장했다.  



8월 트위터에 올라온 아이브 장원영의 메이크업 비교 사진. 트위터 캡처K팝 팬덤이 아이돌 그룹의 헤메코까지 바꾸고 있다. 3세대 아이돌만 해도 헤메코가 별로였던 날의 사진이 해당 아이돌의 ‘흑역사’로 회자되거나 “코디가 안티”라는 우스갯소리로 넘어가는 수준이었다.  Z세대는 다르다. 이들은 “아이돌은 내가 직접 키운다”는 생각으로 구체적인 의견을 적극적으로 표현한다. 멤버에게 스타일링이 어울리지 않을 경우 소셜네트워크서비스(SNS)에 비판하는 글을 올리거나 해시태그를 통해 집단행동을 해 소속사의 의사 결정에 영향을 미치고 있다.  



아이브 멤버 안유진의 콘셉트 사진을 본 팬들은 “연갈색 머리와 눈썹, 연분홍색 메이크업이 답답해 보인다”고 비판했다(왼쪽 사진). 오른쪽 사진은 호평을 받은 데뷔 초 안유진. 스타쉽엔터테인먼트 제공 아이브의 메이크업과 관련해 한 팬은 트위터에 멤버 안유진이 붉은색 입술, 검은색 머리를 했을 때의 생기 있는 사진과 베이지색 화장, 연갈색 머리를 했을 때의 칙칙한 사진을 비교해 올렸다. 장원영은 홍보모델로 활동하고 있는 주얼리 브랜드 화보 사진에서 잘못 자른 듯한 잔머리, 지저분한 눈썹으로 등장해 “나이 들어 보인다”는 팬들의 비판을 받았다.  ‘민희진 걸그룹’으로 돌풍을 일으킨 뉴진스의 헤메코 담당자도 논란의 중심에 섰다. 이달 15일 일본 도쿄에서 열린 ‘케이콘 2022―저팬’ 무대에서 상큼하고 발랄한 이미지를 지닌 뉴진스의 옅은 화장, 검은색 생머리를 바꾼 것. 갈색 머리, 짙은 색조 화장, 지나치게 알록달록한 의상과 털모자에 팬들은 “레트로를 넘어 각설이가 됐다”며 강하게 비판했다.  소수의 강력한 팬덤이 여론을 좌우하는 K팝 시장의 특성상 소속사와 관계자들은 팬들의 지적에 촉각을 곤두세우고 있다. 아이브 메이크업 담당자는 SNS 라이브 방송에서 “아이브 친구들에게 미안하다. 20년 동안 이 일을 하면서 이렇게 힘들었던 적이 없었다”고 밝혔다. 뉴진스의 메이크업 담당자는 자신의 SNS에 ‘일본에서의 뉴진스 메이크업은 저희 스태프와 관련 없으며 제가 한 메이크업이 아닙니다’라는 해명을 올렸다. 팬들의 지적이 이어지자 아이브의 메이크업은 멤버의 장점을 살리는 방향으로 바뀌었다는 반응이 나왔다. 이런 팬들의 행동은 자신의 의사를 적극적으로 표출하는 Z세대의 특성에서 비롯됐다. 김도헌 대중음악평론가는 “시청자 투표로 아이돌 그룹 멤버를 선정하는 엠넷의 ‘프로듀스 101’ 이후 4세대 팬덤은 아이돌 그룹을 팬들이 함께 만들어 나간다는 의식을 갖게 됐다”며 “기획사의 결정을 수동적으로 따르는 게 아니라 메이크업이나 의상, 노래의 멤버별 파트 분배가 적절한지까지도 목소리를 내고 있다”고 말했다.  걸그룹의 여성 팬이 늘어난 영향도 있다고 분석한다. 김작가 대중음악평론가는 “4세대 걸그룹의 여성 팬이 더 많아졌고 걸그룹 멤버에게 자신을 투영하는 경향이 강해졌다. 자신의 메이크업, 헤어, 의상에 신경을 쓰듯이 매우 구체적으로 의견을 낸다. 소속사는 팬들의 조언을 일정 부분 받아들이되 그룹의 정체성은 유지하도록 적절한 수준을 판단해야 한다”고 말했다.
]"
2022.10.20. 오전 10:23,"
			'뉴진스·NCT 프로듀서' 250, 내년 SXSW 1차 라인업 합류[공식]
		",https://n.news.naver.com/mnews/article/108/0003097910?sid=106,"[
 
/사진=BANADJ 겸 프로듀서 250이 미국 'SXSW(사우스바이사우스웨스트) 2023'에 공식 초청됐다.250은 지난 19일(현지 시각) 공식 발표된 SXSW 2023 1차 라인업에 이름을 올렸다.이로써 250은 지난 9월 독일 함부르크에서 매년 열리는 뮤직마켓, 리퍼반 페스티벌에서 공식 초청받아 공연한 것에 이어 해외에서의 관심을 이어가게 됐다.250은 올해 자신의 정규 음반 '뽕'을 발표하며 국내외 평단과 팬들의 많은 관심을 모았다. 영국 가디언지는 250을 ""국제적 보물""(International treasure)이라고 수식하면서 '뽕'의 음악적 성과를 높이 평했고, 영국 와이어(Wire), 믹스맥(Mix Mag) 등 세계적 음악 잡지들에서도 호평을 받았다.또한 '뽕' 타이틀 곡 '뱅버스'의 공식 뮤직비디오 역시 지난 2021년 12월 발표된 이후 보스턴 국제영화제, 국제 독립영화 시상식, 마이애미 단편 영화제, 인도 K아시프 참발 국제 영화제, 스웨덴 국제 영화제에서 연이어 수상하고, 우드스탁 영화제, LA 인디 필름 페스티벌, 베네수엘라 마라카이 국제 영화제 등 전 세계 영화제들의 공식 초청을 받으며 많은 관심을 받고 있다.250은 최근에는 NCT 127, ITZY, 뉴진스 등 K팝 음악을 프로듀싱하며 많은 관심을 받기도 했다.윤상근 기자 sgyoon@mt.co.kr
]"
2022.10.21. 오전 10:40,"
			[포토] 뉴진스, 시크한 매력으로
		",https://n.news.naver.com/mnews/article/009/0005033611?sid=106,"[
 
 코카콜라 크리에디션과 아르떼 뮤지엄 '드림월드' 팝업 오픈 행사가 21일 오전 동교동 홍대 와이즈파크에서 열렸다.이날 행사에는 그룹 뉴진스(민지,하니,다니엘,해린,혜인)와 래퍼 로꼬, 그레이, 쌈디, 우원재, 댄서 리정, 배우 이이경 등이 참석했다.
]"
2022.10.21. 오전 10:45,"
			[포토] 뉴진스 해린, 차가운 매력
		",https://n.news.naver.com/mnews/article/009/0005033621?sid=106,"[
 
 코카콜라 크리에디션과 아르떼 뮤지엄 '드림월드' 팝업 오픈 행사가 21일 오전 동교동 홍대 와이즈파크에서 열렸다.이날 행사에는 그룹 뉴진스(민지,하니,다니엘,해린,혜인)와 래퍼 로꼬, 그레이, 쌈디, 우원재, 댄서 리정, 배우 이이경 등이 참석했다.
]"
2022.10.21. 오전 10:44,"
			[포토] 뉴진스 다니엘, 미소에 빠져들어
		",https://n.news.naver.com/mnews/article/009/0005033617?sid=106,"[
 
 코카콜라 크리에디션과 아르떼 뮤지엄 '드림월드' 팝업 오픈 행사가 21일 오전 동교동 홍대 와이즈파크에서 열렸다.이날 행사에는 그룹 뉴진스(민지,하니,다니엘,해린,혜인)와 래퍼 로꼬, 그레이, 쌈디, 우원재, 댄서 리정, 배우 이이경 등이 참석했다.
]"
2022.10.16. 오후 3:29,"
			김고은, 뉴진스 '하입보이' 댄스…10주년 팬미팅 성료
		",https://n.news.naver.com/mnews/article/003/0011477368?sid=106,"[
 
김고은[서울=뉴시스] 최지윤 기자 = 배우 김고은이 데뷔 10주년 팬미팅을 마쳤다.김고은은 15일 서울 광진구 예스24 라이브홀에서 팬미팅 '고은날: 컴 인 클로저'(come in closer)를 열었다. 2017년 이후 5년만이며, 예매 오픈과 함께 전석 매진했다. MC 박경림이 진행을 맡았으며, 3시간20분간 팬들과 소통했다. 김고은은 샘 스미스의 '아임 낫 디 온리 원'(I'm Not The Only One)과 드라마 '유미의 세포들2' OST '어두운 마음은 오늘 밤 지나갈거야'로 포문을 열었다. 팬미팅을 위해 보컬 트레이닝을 받으며 무대를 준비한 것으로 알려졌다. 배우 공유를 비롯해 이민호, 정해인, 이상이, 우도환, 박정민, 그룹 '블랙팽크' 로제가 영상 편지로 데뷔 10주년을 축하했다.소속사 BH엔터테인먼트에서 한솥밥을 먹고 있는 탤런트 이지아가 첫 게스트로 등장했다. 첫 만남과 미국 여행 당시 에피소드 등을 들려줬다. 한국예술종합학교 10학번 동기인 이상이와 안은진의 의리도 빛났다. 드라마 '도깨비'의 '김신'(공유)과 '지은탁'(김고은)으로 분장해 웃음을 줬다. 김고은의 장단점과 학창시절 일화를 공개했다.특히 김고은은 팬들의 요청으로 그룹 '뉴진스'의 '하입 보이'(Hype Boy) 댄스 무대를 선보였다. 바쁜 시간을 쪼개어 댄스 연습하는 모습을 담은 영상도 공개했다. 이 외 영화 '은교' 정지우 감독과 '유미의 세포들' 안보현과 그룹 '갓세븐' 박진영, '작은 아씨들'의 박지후와 함께 추억을 풀어냈다.김고은은 팬들이 준비한 영상 편지와 데뷔 10주년 축하 노래를 들고 눈물을 보였다. 이소라의 '사랑이 아니라 말하지 말아요'와 레이디 가가의 '아윌 네버 러브 어게인'(I‘ll Never Love Again)으로 팬미팅을 마무리했다. ""감사하다는 말 밖에 드릴 말씀이 없다""며 ""10년간 맡은 캐릭터를 보면서 스스로 많이 변했다고 생각했는데, 나를 응원하고 사랑해준 분들 덕분에 성장했다. 늘 열심히 앞으로 나아가는 배우가 되겠다""고 했다.김고은은 tvN 드라마 작은 아씨들 종방 후 영화 '파묘'(감독 장재현) 촬영에 들어갔다. 12월 안중근 의사의 마지막 1년을 다룬 뮤지컬 영화 '영웅'(감독 윤제균)으로 관객들과 만날 예정이다.
]"
2022.10.22. 오전 8:17,"
			뉴진스, 10월 2주차 아차랭킹 1위..아이브·블랙핑크 제쳤다
		",https://n.news.naver.com/mnews/article/108/0003098533?sid=106,"[
 
그룹 뉴진스(NewJeans) 해린, 하니, 민지, 다니엘, 혜인  /사진=임성균 기자 tjdrbs23@그룹 뉴진스가 10월 2주차 아이돌차트 아차랭킹 1위에 올랐다.뉴진스는 22일 발표된 아이돌차트 10월 2주차(22.10.10~22.10.16) 아차랭킹에서 음원점수 963점, 유튜브 점수 8914점, 소셜점수 759점 등 총점 1만 636점으로 1위를 기록했다. 뉴진스는 민희진 대표이사가 이끄는 어도어(ADOR)에서 선보인 걸그룹으로 데뷔앨범 'New Jeans' 발매와 동시에 4세대 대표 걸그룹으로 자리잡았다.특히 지난 19일 뉴진스의 공식 유튜브 채널의 구독자가 100만 명을 돌파하면서 놀라운 파급력을 과시하기도 했다. 2위는 총점 1만 237점의 아이브가 차지했다. 뒤를 이어 블랙핑크(총점 8304점), 임영웅(총점 4152점), 지코(총점 3227점), 윤하(총점 2940점), 르세라핌(총점 2877점), 에스파(총점 2837점), 방탄소년단(총점 2810점), 빅나티(총점 2805점)순으로 집계됐다.한해선 기자 hhs422@mtstarnews.com
]"
2022.10.21. 오전 10:59,"
			뉴진스 '완벽해' [MK포토]
		",https://n.news.naver.com/mnews/article/410/0000901659?sid=106,"[
				
				
				코카-콜라 크리에디션 X 아르떼뮤지엄 '드림월드' 팝업 오픈 기념 미디어 행사가 21일 오전 서울 마포구 홍대 와이즈파크에서 열렸다. 뉴진스가 포토타임을 갖고 있다.  

]"
2022.10.22. 오전 9:19,"
			방탄소년단, 10월 가수 브랜드평판 1위
		",https://n.news.naver.com/mnews/article/009/0005034062?sid=106,"[
 
방탄소년단. 사진｜빅히트 뮤직 가수 브랜드평판 2022년 10월 빅데이터 분석결과, 1위 방탄소년단 2위 블랙핑크 3위 임영웅 순으로 분석됐다.한국기업평판연구소는 2022년 9월 22일부터 2022년 10월 22일까지의 가수 브랜드 빅데이터 150,135,853개를 분석하여 소비자들의 브랜드 참여, 미디어, 소통, 커뮤니티 분석을 했다. 지난 9월 가수 브랜드 빅데이터 156,074,226개와 비교하면 3.80% 줄어들었다.가수 브랜드평판지수는 소비자들에게 사랑받는 음원을 선보이고 있는 가수 브랜드 빅데이터를 추출하고 소비자 행동분석을 하여 참여가치, 소통가치, 미디어가치, 커뮤니티가치로 분류하고 긍부정비율 분석과 평판분석 알고리즘을 통해 분석된 지표이다. 브랜드 평판분석을 통해 브랜드에 대해 누가, 어디서, 어떻게, 얼마나, 왜, 이야기하는지를 알아낼 수 있다.2022년 10월 가수 브랜드평판 30위 순위는 방탄소년단, 블랙핑크, 임영웅, 아이유, 아이브, 뉴진스, 이찬원, 영탁, 세븐틴, 김호중, 엑소, NCT, (여자)아이들, 정동원, 강다니엘, 잔나비, 지코, 이승기, 조이, 태연, 트와이스, 장민호, 소녀시대, 싸이, 송가인, 르세라핌, 오마이걸, 제시, 에스파, 박창근 순으로 분석됐다.가수 브랜드평판 1위를 기록한 방탄소년단 브랜드는 참여지수 1,492,901 미디어지수 3,196,701 소통지수 2,490,966 커뮤니티지수 2,906,631이 되면서 브랜드평판지수 10,087,199로 분석됐다. 지난 9월 브랜드평판지수 7,068,250과 비교하면 42.71% 상승했다.2위, 블랙핑크 브랜드는 참여지수 869,275 미디어지수 2,474,389 소통지수 2,883,279 커뮤니티지수 3,385,088이 되면서 브랜드평판지수 9,612,031로 분석됐다. 지난 9월 브랜드평판지수 9,369,153과 비교하면 2.59% 상승했다.3위, 임영웅 브랜드는 참여지수 2,049,817 미디어지수 1,640,242 소통지수 2,094,060 커뮤니티지수 1,968,768이 되면서 브랜드평판지수 7,752,886으로 분석됐다. 지난 9월 브랜드평판지수 7,878,883과 비교하면 1.60% 하락했다.4위, 아이유 브랜드는 참여지수 1,102,486 미디어지수 2,187,386 소통지수 1,178,721 커뮤니티지수 2,143,832가 되면서 브랜드평판지수 6,612,424로 분석됐다. 지난 9월 브랜드평판지수 5,280,886과 비교하면 25.21% 상승했다.5위, 아이브 브랜드는 참여지수 1,243,150 미디어지수 2,265,286 소통지수 1,095,379 커뮤니티지수 1,198,128이 되면서 브랜드평판지수 5,801,942로 분석됐다. 지난 9월 브랜드평판지수 8,548,500과 비교하면 32.13% 하락했다.한국기업평판연구소 구창환 소장은 ""2022년 10월 가수 브랜드평판 분석결과, 방탄소년단 브랜드가 1위를 기록했다. 가수 브랜드 카테고리를 분석해보니 지난 9월 가수 브랜드 빅데이터 156,074,226개 비교하면 3.80% 줄어들었다. 세부 분석을 보면 브랜드 소비 8.45% 하락, 브랜드 이슈 4.76% 상승, 브랜드 소통 10.41% 하락, 브랜드 확산 4.86% 하락했다""라고 평판 분석했다.이어 ""콘서트에서 소비자들의 참여를 극대화하면서 방탄소년단 브랜드가 1위, 유튜브 플랫폼에서 소비자들의 사랑을 받는 블랙핑크 브랜드가 2위, 탄탄한 팬덤 커뮤니티를 구축한 임영웅 브랜드가 3위가 됐다. 브랜드가 되는 핵심은 소비자와 브랜드간의 감정적 결속이다""라고 밝혔다.2022년 10월 가수 브랜드평판조사는 2022년 9월 22일부터 2022년 10월 22일까지의 방탄소년단, 블랙핑크, 임영웅, 아이유, 아이브, 뉴진스, 이찬원, 영탁, 세븐틴, 김호중, 엑소, NCT, (여자)아이들, 정동원, 강다니엘, 잔나비, 지코, 이승기, 조이, 태연, 트와이스, 장민호, 소녀시대, 싸이, 송가인, 르세라핌, 오마이걸, 제시, 에스파, 박창근, 마마무, 신용재, 임창정, 김희재, 케플러, 경서, 프로미스나인, 하이라이트, 최예나, 성시경, 호미들, 박효신, 박재범, 레드벨벳, 이영지, 이솔로몬, 10CM, 비오, 이승윤, 이수, 박진영, 현아, 빅뱅, 청하, 바이브, 선미, 브레이브걸스, 헤이즈, 정은지, 나훈아, 윤하, 테이, 스테이씨, 이무진, 다비치, 규현, 멜로망스, 휘인, 백지영, 폴킴, 벤, 볼빨간사춘기, 화사, 김준수, 백현, 박혜원, 로꼬, 펀치, 노을, 백예린, 송민호, 케이시, 서동현, 황치열, 김필, 경서예지, 전소미, 카더가든, 악동뮤지션, 쿠기, 이병찬, 정승환, 21학번, 기리보이, 허각, 손진욱, 적재, 라붐, 마크툽, SG워너비 에 대한 브랜드 빅데이터 분석으로 이루어졌다.
]"
2022.10.25. 오후 12:39,"
			[SC인터뷰] ""풋풋한 첫사랑有""…'20세기 소녀' 김유정, '국민 여동생'에서 '국민 첫사랑'으로 성장(종합)
		",https://n.news.naver.com/mnews/article/076/0003931054?sid=106,"[
 
[스포츠조선 조지영 기자] '국민 여동생'의 기특한 성장이다. 배우 김유정(23)이 풋풋하고 사랑스러운 로맨스로 'K-첫사랑'의 새로운 아이콘으로 등극했다. 넷플릭스 영화 '20세기 소녀'(방우리 감독, 용필름 제작)에서 절친 김연두(노윤서)의 첫사랑을 위한 사랑의 큐피트를 자처한 나보라를 연기한 김유정. 그가 25일 오전 서울 종로구 삼청동에서 스포츠조선과 만나 '20세기 소녀'를 선택한 이유부터 작품에 쏟은 열정과 노력을 전했다.심장 수술을 위해 외국으로 떠나는 절친을 대신해 그의 첫사랑을 관찰, 소식을 전해주며 펼쳐지는 설렘 가득 로맨스를 다룬 '20세기 소녀'. 아날로그와 디지털이 공존하며 21세기 시작에 대한 두려움과 기대가 가득했던 시대인 1999년을 배경으로 누구나 마음 한구석 품고 있는 학창 시절 '첫사랑'을 풋풋한 감성으로 풀어내 눈길을 끌었다. '20세기 소녀'는 모든 것이 혼재되어 있던 세기말, 우정과 사랑 그 어느 것 하나도 뜻하는 대로 되지 않는 흔들렸던 그때 그 시절 이야기로 전 세계 관객을 사로잡았다.특히 '20세기 소녀'는 '아역스타'로 출발해 어느덧 청춘스타로 자리매김한 김유정의 새로운 로맨스로 관심을 받았다. 그동안 KBS2 '구르미 그린 달빛', JTBC '일단 뜨겁게 청소하라', SBS '편의점 샛별이' '홍천기', 넷플릭스 영화 '제8일의 밤' 등 다양한 장르와 캐릭터를 통해 한계 없는 연기 스펙트럼을 보여주고 있는 김유정은 '20세기 소녀'에서 절친 연두의 짝사랑을 이루어주기 위해 고군분투하는 나보라로 변신, 특유의 사랑스럽고 귀여운 17세 소녀로 청량한 매력을 과시했다. 자신만의 방식으로 연두의 첫사랑 백현진(박정우)의 모든 것을 알아내기 위해 고군분투 하지만 계획대로 되지 않자 백현진의 절친 풍운호(변우석)를 공략하면서 예상치 못하게 로맨스에 빠지게 되는 소녀를 연기, 새로운 첫사랑의 아이콘으로 등극했다. 
'20세기 소녀'로 다시 한번 로맨스 장르에 도전한 김유정은 ""시나리오를 읽었을 때 글 자체에 큰 매력을 느꼈다. 영화가 배경이 된 시대가 내가 태어난 해(1999년)였다. 평소에도 예전 음악들이나 감성을 좋아했고 '내가 그 안에 경험해보면 어떨까? 라는 기대감이 커 작품을 선택하게 됐다""며 ""촬영하면서 의상 등 레트로한 분위기를 즐기면서 연기하기도 했고 개인적으로 그런 감성이 너무 좋았다. 내겐 쉽지 않은 경험인데 영화를 통해 대리 경험하게 됐다""고 웃었다.레트로 감성을 좋아한다는 김유정은 ""영화를 볼 때도 그 당시의 영화를 좋아하는데 특히 이한 감독 '연애소설'(02)을 어렸을 때부터 좋아했다. 그런 감성이 '20세기 소녀'와 비슷하다고 느꼈다. 이 작품을 준비하면서 90년대 영화도 많이 봤고 음악도 80년대, 90년대 음악도 많이 들었다. 평소 박기영 가수의 노래를 좋아했다. 우리 영화 OST를 허락해줘 너무 좋았다. 아무래도 내가 20세기 후반에 대한 이해도가 어느 정도 있었는데 '20세기 소녀'를 통해 간접적으로 경험을 해볼 수 있어 좋았다""고 설명했다.이어 ""실제로 어렸을 때 공중전화 같은 부분은 초등학교 때 쓴 기억도 있다. 오랜만에 공중전화를 썼던 부분이라 재미있었고 삐삐도 처음 봤다. 그래서 삐삐라는 소품에 애착이 있었다. 주인공의 주요 배경인 보라비디오를 통해 영화 비디오를 보는 것도 신기했다. 개인적으로는 LP판과 가요 테이프 모으는 게 취미였다. 박혜경, 박기영, 양파 등 테이프를 모이기도 했고 예전 팝송들을 LP로 가지고 있다. 내 노래방 애창곡 중 하나가 박기영의 '마지막 사랑', 박혜영의 '하루' 등이 있다. 보통 현장에서 선배들과 촬영하는 경우가 많은데 쉬는 시간 함께 예전 노래를 들으며 많이 알게 됐다. 선배들이 나를 두고 '옛날 감성이다' '애늙은이다'라는 말을 많이 하더라""고 웃었다. 
'20세기 소녀'를 통해 학창 시절 추억을 떠올렸다는 김유정. 그는 ""학창 시절 추억이 많다. 연기를 하면서 학교에 다니기 어려운 지점도 있었지만 개인적으로는 학교 다니는 걸 굉장히 좋아했다. 촬영이 늦게 끝나도 친구들과 만나고 싶어서 학교에 가기도 했다. 수련회도 가고 수학여행도 가고 소풍도 갔다. 학창 시절에는 독서실 가서 공부하는 재미도 있지 않나? 그런 것 때문에 공부를 더 열심히 하기도 했다""고 웃었다. 이어 ""물론 친구들이 나를 대할 때 어려움이 없지 않았겠지만 처음에만 그렇고 나중에는 다른 친구들과 똑같이 생각해줬다. 아직도 연락을 하고 있고 제일 친한 친구들도 학창 시절 친구들이었다. 시간이 지나면서 나도 더 그 친구들을 이해하게 됐다""며 ""실제로 학교에 다닐 때 친했던 친구 그룹이 있다. 그 친구들과 장기자랑을 나가기도 했고 최근에는 예전 영상이 뜨기도 한다. 살면서 그 시기가 가장 재미있었다. 당시 중학생이었는데 친구들과 춤추면서 연습하고 맛있는 것 먹고 놀러 다니고 한 게 아직도 그 추억에 대한 힘이 남아있는 것 같다. 그 친구들과는 아직도 모여서 파티도 하고 새해 축하도 연말 축하도 하고 서로 응원해주는 관계로 지내고 있다. 학교 다닐 때는 친구들과 같이하는 자리면 절대 빠지기 싫었다""고 곱씹었다.그는 ""내가 배우라는 생각을 안 할 정도로 친구들도 너무 좋았고 학교도, 촬영도 너무 좋았다. 학교와 연기를 병행했을 때 불편함을 느끼거나 힘들다는 생각을 못 했다. 물론 고등학교에 들어가면서 고민을 안 한 것은 아니다. 앞으로 어떤 계획을 세울지 고민이 컸다. 그럼에도 그때만 누릴 수 있는 게 있지 않나? 학교는 내가 꼭 하고 싶다고 생각해 놓치지 않으려고 노력했다""고 덧붙였다. 
풋풋하고 사랑스러움의 인간화 그 자체였던 김유정. 비주얼에 대한 세심한 디테일도 노력을 기울였다. 김유정은 ""이 작품은 예쁘게 꾸며서 나오고 싶다는 생각을 전혀 안 했다. 17살 학생이기도 했고 발랄함과 귀여움이 잘 묻어났으면 했다. 화장도 기초만 하고 머리도 내가 대충 묶었다. 예쁘게 보여야겠다는 생각은 전혀 안 했는데 오히려 그 부분이 자연스럽게 나온 것 같다. 그 나이의 예쁨이 나온 것 같다""고 자평했다.최근 많은 인기를 얻은 걸그룹 뉴진스를 향한 관심을 드러낸 김유정은 ""뉴진스를 개인적으로 정말 좋아한다. 데뷔하자마자 팬이 됐고 멤버들 모두 좋아하는데 특히 멤버 다니엘과 내가 닮았다는 이야기를 많이 들었다. 확실히 비슷한 분위기가 있는 것 같다. 그 친구가 스타일링에 따라 달리 보이던데 특유의 풋풋한 느낌이 너무 좋다. 다들 너무 예쁘지 않나? 뉴진스가 데뷔하자마자 유튜브를 통해 몇 번을 돌려봤는지 모르겠다""고 너스레를 떨었다.사랑보다 우정을 선택한 '20세기 소녀'의 나보라. 김유정도 이런 보라의 선택에 감정이입을 했다고. 그는 ""실제도 보라의 성향과 비슷하다. 특히 사랑에 있어서 사랑보다 우정을 택할 것 같다. 아끼는 친구들 때문에 그렇게 하는 것일 수도 있지만 우정도 사랑과 비슷한 결이라고 생각한다. 우정 안에 사랑이 포함되어 있지 않나? 나도 보라와 같은 상황이라면 비슷한 선택을 하지 않을까 생각을 해봤다. 개인적으로 내가 이 연기 활동하면서 가장 큰 힘이 된 게 친구들이었다""고 밝혔다. 첫사랑에 대한 아련한 추억에 대해서도 솔직하게 답했다. 김유정은 ""보라처럼 아련한 첫사랑은 없지만 누군가를 좋아했던 경험도 있다. 첫사랑은 풋풋하고 새로운, 재미있는 느낌이다. 그게 나보라의 첫사랑과 비슷한 것 같다. 다만 보라처럼 아련한 첫사랑 수 없는 게 지금 시대에서는 그런 사랑이 쉽지 않다. 연락도 바로 할 수 있고 예전처럼 어렵게 사랑이 닿는 시대는 아니다. 그래서 '20세기 소녀' 시나리오를 봤을 때 더 큰 매력을 느낀 부분도 있다""고 밝혔다. 
'20세기 소녀'를 통해 '첫사랑의 아이콘'으로 등극한 김유정은 ""촬영할 때는 나보라가 '첫사랑의 이미지'가 되어야 한다고 생각하지 않았는데 영화가 공개된 이후 주변에서 그런 칭찬을 많이 받아 기분이 오묘하면서 좋더라. 많은 분이 첫사랑 이미지가 잘 산 것 같다고 칭찬해주니까 기분이 너무 좋더라. 그래서 이 작품이 나에게도 특별한 의미가 된 것 같다. 지금 이 시기가 나에게는 굉장히 풋풋하고 예쁘게 표현될 수 있는 시기라고 생각한다. 거기에 걸맞은 작품을 만났고 참여하게 되면서 지금만 낼 수 있는 분위기가 작품에 잘 표현된 것 같다""고 만족감을 드러냈다.어느덧 '국민 여동생'에서 '국민 첫사랑'으로 성장한 김유정은 ""평소에 '나는 무언가가 되어야겠다'라는 생각은 많이 하지 않는다. 어렸을 때 감사하게도 '국민 여동생'이라는 수식어가 붙어있었으니까 그것도 너무 좋았다. '국민 여동생'이라는 것 자체가 친근한 느낌이지 않나? 옆에 사는 동생 같은 느낌이라 수식어가 좋았다. 대중들에게 친근하면서도 귀엽게 다가갈 수 있는 수식어라고 생각했다. 이 작품으로 '국민 첫사랑' 타이틀을 얻을 수 있을지 모르겠지만 만약 가능하다면 너무 좋을 것 같다""고 고백했다.'20세기 소녀' 공개 직후 엔딩을 향한 호불호도 덤덤하게 받아들인 김유정은 ""'첫사랑은 이뤄지지 않는다'라는 이야기가 있지 않나? '20세기 소녀'는 그런 부분을 극대화한 것 같다. 엔딩에 대한 호불호가 많다고 들었는데 그건 내가 관여할 수 있는 부분도 아니었고 연기하는 배우로서는 작품을 있는 그대로 받아들이려고 했다. 엔딩 그 자체로 두고 싶다는 생각도 들었다. 처음부터 호불호는 어느 정도 예상했다. 그런데 한편으로는 그게 이 영화의 감성인 것 같다. 관객도 '20세기 소녀'만의 감성이라고 생각해준다면 작품을 조금 더 편하게 볼 수 있지 않을까 싶다""고 의미를 전했다. 
'20세기 소녀'는 어느 겨울 도착한 비디오 테이프에 담긴 1999년의 기억, 17세 소녀가 절친의 첫사랑을 이루어주기 위해 사랑의 큐피트를 자처하며 벌어지는 첫사랑 관찰 로맨스를 그린 작품이다. 김유정, 변우석 박정우, 노윤서 등이 출연했고 방우리 감독의 첫 장편 연출 데뷔작이다. 사진=넷플릭스
]"
2022.10.17. 오전 10:10,"
			'뉴진스 코드 in 부산' 설렘 가득 여행 시작…깨알 예능감 확인
		",https://n.news.naver.com/mnews/article/052/0001801747?sid=106,"[
 
뉴진스(NewJeans)가 발랄한 매력으로 데뷔 후 첫 단독 예능 프로그램을 가득 채웠다.뉴진스는 지난 17일 방송된 SBS '뉴진스 코드 in 부산'에서 여행을 떠나기 전 설렘을 가득 안은 모습부터 스릴 만점 제트보트 체험까지, 있는 그대로의 매력을 보여 주었다. 이들은 주어진 미션을 수행하면서 날카로운 심리전과 호흡이 척척 맞는 '찰떡' 케미스트리를 뽐냈다.뉴진스는 짐을 꾸리면서 다가올 여행을 기대하는 모습을 보였다. 그러던 중 멤버들은 QR코드에 담긴 초대장을 받고 환호성을 질렀고, 즉석에서 '뉴진스 코드 in 부산'의 포즈를 만들며 본격적인 여행의 시작을 알렸다.송도 바닷가에 도착한 뉴진스는 한껏 상기된 표정으로 풍경을 감상하고, 부산에 도착한 느낌을 상황극으로 표현하는 등 여행의 즐거움을 만끽했다. 멤버들은 미션을 통해 배지를 가장 많이 획득한 1등에게 선물이 주어진다는 안내문을 읽고 곧장 스트레칭으로 몸을 풀며 승부욕을 불태웠다.이어 부산의 명물 돼지국밥을 먹으러 간 뉴진스는 한층 업된 기분으로 연신 국밥을 연호하면서 가게로 입성했다. 이 미션에서는 국밥을 담을 도구를 복불복으로 정했다. 민지는 멤버들 중 가장 작은 도구인 숟가락에 당첨된 다니엘을 위해 정성스럽게 숟가락에 최대한 많은 돼지고기를 얹어 주며  돈독한 우정을 자랑했다.시장에서의 미션을 확인하던 뉴진스는 미션 내용에 화음을 넣으면서 읽어 완벽한 호흡을 보여 주었다. 시장에서 민지, 하니, 혜인은 패션 아이템 쇼핑에 빠졌고, 다니엘과 해린은 간식 먹방을 펼쳤다.이날 방송에서의 마지막 미션은 제트보트 탑승 중 드론에 매달린 키워드를 읽고 속담을 맞추는 것. 보트 탑승에 앞서 뉴진스는 구명조끼와 우비를 매치한 패션으로 즉석 워킹을 펼쳐 현장을 런웨이로 만들었다. 제트보트 탑승 후 멤버들과 정답을 외치러 온 해린은 속담이 떠오르지 않자 당당한 표정으로 새로운 속담을 만들어 틈새 예능감을 뽐냈다.이후 저녁식사 힌트를 받은 뉴진스는 각자 아이디어대로 추측했고, 이어 다음 회차 예고로 루지를 타고 분수대에서 즐겁게 노는 멤버들의 모습이 나와 기대감을 높였다. [사진=SBS 방송 화면 캡처]* YTN star에서는 연예인 및 연예계 종사자들과 관련된 제보를 받습니다. ytnstar@ytn.co.kr로 언제든 연락주시기 바랍니다. 감사합니다.
			]"
2022.10.21. 오전 10:42,"
			뉴진스 혜인 '상큼 하트' [MK포토]
		",https://n.news.naver.com/mnews/article/410/0000901642?sid=106,"[
				
				
				코카-콜라 크리에디션 X 아르떼뮤지엄 '드림월드' 팝업 오픈 기념 미디어 행사가 21일 오전 서울 마포구 홍대 와이즈파크에서 열렸다. 뉴진스 혜인이 포토타임을 갖고 있다.  

]"
2022.10.21. 오전 10:46,"
			뉴진스 하니 '상큼 열매' [MK포토]
		",https://n.news.naver.com/mnews/article/410/0000901645?sid=106,"[
				
				
				코카-콜라 크리에디션 X 아르떼뮤지엄 '드림월드' 팝업 오픈 기념 미디어 행사가 21일 오전 서울 마포구 홍대 와이즈파크에서 열렸다. 뉴진스 하니가 포토타임을 갖고 있다.  

]"
2022.10.21. 오전 11:03,"
			[사진]뉴진스,'상큼한 매력'
		",https://n.news.naver.com/mnews/article/109/0004724011?sid=106,"[
 
[OSEN=박준형 기자] 21일 오전 서울 홍대와이즈파크에서 '코카-콜라 제로 드림월드' 출시 기념 론칭행사가 진행됐다.걸그룹 뉴진스가 포즈를 취하고 있다. 2022.10.21 / soul1014@osen.co.kr
]"
2022.10.21. 오전 10:59,"
			[사진]뉴진스 하니,'상큼하게'
		",https://n.news.naver.com/mnews/article/109/0004724008?sid=106,"[
 
[OSEN=박준형 기자] 21일 오전 서울 홍대와이즈파크에서 '코카-콜라 제로 드림월드' 출시 기념 론칭행사가 진행됐다.걸그룹 뉴진스 하니가 미소 짓고 있다. 2022.10.21 / soul1014@osen.co.kr
]"
2022.10.16. 오후 2:17,"
			뉴진스의 ‘과한’ 스타일, 스태프는“저희와 관련 X”
		",https://n.news.naver.com/mnews/article/144/0000842687?sid=106,"[
 
15일 일본 도쿄 ‘KCON 2022 - JAPAN’ 공연에 출연한 그룹 뉴진스.뉴진스 트위터 캡처.그룹 뉴진스의 스타일링과 관련해 비판의 목소리가 커지자 담당 스태프가 해명에 나섰다.뉴진스는 지난 15일 일본 도쿄에서 ‘KCON 2022 - JAPAN’ 무대를 가졌다. 이날 뉴진스는 짙은 화장과 화려한 색의 의상을 입어 팬들의 이목을 끌었다.행사 의상이 공개되자 일부 커뮤니티에선 스타일리스트를 향한 비판의 목소리가 제기됐다. 해당 누리꾼들은 “의상이 너무 과한 것 아니냐”, “화장이 너무 안 어울린다”등 따가운 시선을 보냈다.이에 담당 메이크업 아티스트는 이날 인스타그램에 “간밤에 댓글을 비롯한 여러 의견을 보며 정확하게 알려드려야 혼선이 없으실꺼라 판단된다”라며 해명글을 올렸다.아티스트는 “KCON 현지 뉴진스 메이크업은 저를 비롯한 저희 스태프들과 관련이 없으며, 제가 한 메이크업이 아님을 알려드린다”라고 해명했다.뉴진스는 이날 에이티비오·디케이지·프로미스나인·아이브·제이오원·투모로우바이투게더와 함께 공연 무대를 열었다.김정연 온라인기자 kjy9798@kyunghyang.com
			]"
2022.10.21. 오후 12:26,"
			[MD포토] 뉴진스 '상큼함이 넘치네'
		",https://n.news.naver.com/mnews/article/117/0003659511?sid=106,"[
 
[마이데일리 = 한혁승 기자] 그룹 뉴진스가 21일 오전 서울 마포구 홍대와이즈파크에서 진행된 한 음료 브랜드와 아르떼뮤지엄 '드림월드' 팝업 프리오프닝 행사에 참석했다.(한혁승 기자 hanfoto@mydaily.co.kr)
]"
2022.10.21. 오후 5:14,"
			[머니S포토] 청순 쿨 뉴진스 하니, '요정 귀' 빼꼼
		",https://n.news.naver.com/mnews/article/417/0000862417?sid=106,"[
 
 그룹 뉴진스 하니가 21일 서울 마포구 양화로 와이즈파크에서 열린 코카-콜라 크리에디션X아르떼뮤지엄 '드림월드' 팝업 현장에 참석했다.  
 이날 팝업 현장에는 배우 이이경, 댄서 리정을 비롯해 가수 로꼬, 그레이, 쌈디, 우원재,그룹 뉴진스(민지 하니 다니엘 해린 혜인)가 참석해 자리를 빛냈다.
]"
2022.10.21. 오후 5:04,"
			[머니S포토] 뉴진스 해린, 도도한 고양이상
		",https://n.news.naver.com/mnews/article/417/0000862412?sid=106,"[
 
 그룹 뉴진스(NewJeans)가 21일 서울 마포구 양화로 와이즈파크에서 열린 코카-콜라 크리에디션X아르떼뮤지엄 '드림월드' 팝업 현장에 참석했다.  
 이날 팝업 현장에는 배우 이이경, 댄서 리정을 비롯해 가수 로꼬, 그레이, 쌈디, 우원재,그룹 뉴진스(민지 하니 다니엘 해린 혜인)가 참석해 자리를 빛냈다.
]"
2022.10.15. 오후 10:20,"
			[사진]뉴진스,'5인 5색'
		",https://n.news.naver.com/mnews/article/109/0004720080?sid=106,"[
 
[OSEN=도쿄, 민경훈 기자] 15일 오후 일본 도쿄 아리아케 아레나(TOKYO ARIAKE ARENA)에서 '케이콘 2022 - 재팬 (KCON 2022 - JAPAN)' 2일차 포토월 행사가 진행됐다.14~16일 동안 도쿄 중심부 아리아케 아레나에서 열리는 '케이콘(KCON) 2022 재팬'은 K-팝 및 글로벌 음악 아티스트 22팀이 참여해 특별 퍼포먼스와 협업 무대로 채워진다.콘서트 첫 날은 아이앤아이·기현·르세라핌·엔믹스·옥토퍼스·티엔엑스·티오원·비비지가 공연을 펼친다. 이튿날은 에이티비오·디케이지·프로미스나인·아이브·제이오원·뉴진스·투모로우바이투게더가, 마지막 날은 에이티즈·브레이브걸스·다크비·조유리·케플러·니쥬·템페스트가 무대를 선보인다.뉴진스(NewJeans) 멤버들이 포토월에서 포즈를 취하고 있다. 2022.10.15 /rumi@osen.co.kr
]"
2022.10.21. 오전 10:56,"
			‘핫’한 뉴진스[포토엔HD]
		",https://n.news.naver.com/mnews/article/609/0000644752?sid=106,"[
 
[뉴스엔 정유진 기자] 걸그룹 뉴진스(다니엘, 하니, 혜인, 민지, 해린)가 10월 21일 오전 서울 마포구 홍대와이즈파크에서 진행된 한 음료 브랜드와 아르떼뮤지엄의 '드림월드' 팝업 프리오프닝 행사에 참석했다. 

]"
2022.10.21. 오전 11:44,"
			[사진]뉴진스 민지,'시크하게'
		",https://n.news.naver.com/mnews/article/109/0004724065?sid=106,"[
 
[OSEN=박준형 기자] 21일 오전 서울 홍대와이즈파크에서 '코카-콜라 제로 드림월드' 출시 기념 론칭행사가 진행됐다.뉴진스 민지가 포즈를 취하고 있다. 2022.10.21 / soul1014@osen.co.kr
]"
2022.10.21. 오후 5:07,"
			[머니S포토] 뉴진스 민지 '볼매 청순 미모'
		",https://n.news.naver.com/mnews/article/417/0000862413?sid=106,"[
 
 그룹 뉴진스 민지가 21일 서울 마포구 양화로 와이즈파크에서 열린 코카-콜라 크리에디션X아르떼뮤지엄 '드림월드' 팝업 현장에 참석했다.  
 이날 팝업 현장에는 배우 이이경, 댄서 리정을 비롯해 가수 로꼬, 그레이, 쌈디, 우원재,그룹 뉴진스(민지 하니 다니엘 해린 혜인)가 참석해 자리를 빛냈다.
]"
2022-10-13 17:39:02,뉴진스가 입었더니…10대들 사이 중고거래 난리난 이 옷의 정체,https://n.news.naver.com/mnews/article/009/0005029936?sid=103,"[
캐주얼한 일상복으로 주목10대 男 중고 거래액 359% ↑



 MZ세대(밀레니얼+Z세대)를 중심으로 '골프 열풍'이 불고 있는 가운데 10대의 골프의류 중고 거래가 급증한 것으로 나타났다. 13일 중고 거래 앱 번개장터에 따르면 올해 1월부터 9월까지 번개장터에서 거래된 남성 골프의류와 여성 골프의류 거래액은 전년 동기 대비 각각 128%, 76%의 신장률을 기록했다. 골프의류 관련 브랜드 수 또한 28% 늘어난 것으로 집계됐다. 중고 골프의류 거래 고객 중 가장 높은 거래액 성장세를 보인 고객군은 10대 남성이었다. 번개장터 골프의류 거래액 신장률을 연령별로 살펴본 결과, 10대 남성의 골프의류 거래액 성장률은 전년 동기 대비 359% 급증했다. 이어 60대(181%), 40대(152%), 50대(119%), 20대(117%), 30대(82%) 순으로 신장률이 높았다. 여성 골프의류도 전체 연령대 중 10대의 거래액 신장률이 149%로 가장 높은 성장세를 보였고, 60대(121%), 20대(108%), 40대(67%), 50대(62%), 30대(60%)가 뒤를 이었다. 골프의류가 일상복으로도 활용되면서 10대 사이에서 인기가 높아진 것으로 분석된다. 골프의류 브랜드들도 MZ세대를 겨냥해 아이돌을 모델로 발탁하고 있다. 고스피어는 아이즈원의 장원영, 파리게이츠는 트와이스를 모델로 내세웠다. 아이돌 그룹 뉴진스는 영국 명품 브랜드 비비안웨스트우드의 골프의류를 입고 무대에 서기도 했다. 번개장터 관계자는 ""골프가 성별과 나이를 불문하고 인기 스포츠로 각광받으면서 골프의류 또한 중고 거래가 활발히 이뤄지고 있다""며 ""특히 자신만의 개성을 중시하는 10대를 중심으로 일상복으로도 캐주얼하게 착용 가능한 골프의류 브랜드에 관심이 집중되고 있다""고 전했다.
]"
2022.10.21. 오전 10:43,"
			[사진]뉴진스,'톡톡 튀는 매력'
		",https://n.news.naver.com/mnews/article/109/0004723984?sid=106,"[
 
[OSEN=박준형 기자] 21일 오전 서울 홍대와이즈파크에서 '코카-콜라 제로 드림월드' 출시 기념 론칭행사가 진행됐다.걸그룹 뉴진스가 포즈를 취하고 있다. 2022.10.21 / soul1014@osen.co.kr
]"
2022.10.26. 오후 6:21,"
			대학축제 '5천' 요구하기도... ""알바해서 낸 등록금 아까워""
		",https://n.news.naver.com/mnews/article/047/0002370737?sid=106,"[
[기획] 암표 거래·차별 논란 이어져... 새로운 형태 축제 모색도  2022년 대학축제는 어느 때보다 화려했다. 코로나19 확산 이후 3년 만에 축제가 개최되면서, 대학들은 유명 가수들을 앞 다퉈 섭외했고, 학생들은 폭발적인 반응으로 화답했다. 그러나 즐거움이 주는 빛 뒤에는 어두운 문제점도 많았다. 대학축제는 각 캠퍼스에서 총학생회 주최로 통상 봄(5월)과 가을(9월)에 연2회 열리는데, 섭외 비용 관련 잡음이 끊이질 않고 있다. 여기에 암표 거래부터 참가자 차별까지 문제들이 상당하다. 비싼 학비로 가수 부르기?           
     ▲  MBC &lt;라디오스타&gt;에 출연한 사이먼 도미닉.            ⓒ MBC  뉴진스-르세라핌-아이브-위너-지코-10cm(연세대학교)아이브-볼빨간사춘기-아히이-10cm-사이먼도미닉-쿠기(성균관대학교)뉴진스-박재범-이하이-로꼬-사이먼도미닉-홀리뱅-우원재(단국대학교)ITZY-지코-에일리-윤하-박혜원-10cm(동국대학교)잔나비-다이나믹듀오-폴킴-ITZY-10cm-타이거JK-윤미래(경희대학교)김범수-지코-거미-다운-콜드-ITZY(중앙대학교)위너-(여자)아이들-비비-다이나믹 듀오(인천대학교)헤이즈-청하-빌리-다이나믹듀오(남서울대학교)2022년 가을 대학축제를 장식한 가수들의 이름이다. 이름만 들어도 알만한 가수들로 구성된 화려한 라인업이다. 축제를 준비하며 대학별로 가장 심혈을 기울이는 부분은 이렇듯 연예인 섭외. 그렇다면 연예인을 섭외하는 데 얼마 정도의 비용이 들고, 그 돈은 어디에서 지출되는 걸까.&lt;오마이스타&gt; 취재 결과를 종합하면, 국립대학교와 사립대학교의 축제 비용은 일반적으로 총학생회가 관리하는 학생회비에서 우선적으로 지출된다. 그러나 대부분의 학교에서 학생회비 납부가 의무가 아니기 때문에 학생회마다 예산이 상이하다. 그런 이유로 비용이 부족할 경우 등록금이 포함돼 있는 학교회계에 지원을 요청하기도 하다. 서울대학교 학생지원과 소속 한 관계자는 ""총학생회 중심으로 가수 섭외비 등 축제 예산안을 직접 짜고 있고, 비용마련도 총학생회에서 주도한다""면서 ""제휴업체로부터 받은 광고비와 후원금, 총학생회비 등이 포함된 자체회계에서 먼저 축제 비용이 지불된다. 코로나 거리두기가 풀리면서 가수들의 몸값이 올라가서 재정이 부족한 경우도 있다. 그러면 학교에 요청해 모자란 만큼만 '지원'을 받기도 한다""고 설명했다. 문제는 비용이다. 가수를 부르는 데 드는 비용이 최소 1000만 원이고, 평균적으로 가수 한 팀당 섭외비는 2000~4000만 원이다. 유명 연예인의 경우 한 팀당 5000만 원을 요구하는 경우도 있다. 여기에 무대 설치비용 등이 추가로 든다. 사이먼 도미닉은 MBC &lt;라디오스타&gt;에 출연해 대학축제들에서 많은 수익을 얻고 있다고 말해 논란이 되기도 했다. 축제에 온 가수들을 보며 분위기에 한껏 들뜬 학생들이 대부분이었지만 학생회비와 등록금에서 연예인 섭외 비용이 나가는 것에 대해 부정적 시선도 존재한다. 수도권 사립대에 재학 중인 최아무개씨(23)는 ""3년 만에 열린 대면 축제여서 같이 모여서 소리치고 노래도 따라 부르고 하니까 스트레스도 풀리고 좋지만, 한편으로는 등록금이 아깝다는 생각도 들었다""라며 ""아르바이트 해서 매번 힘들게 내는 학비인데 이렇게 쓰이는 게 최선인 건지 잘 모르겠다. 축제에 꼭 비싼 연예인을 그렇게 많이 불러야 하는지도 잘 모르겠다""며 회의적인 입장을 보였다. 축제에 연예인을 고액으로 섭외하는 것에 대한 입장을 묻는 질문에 몇몇 학교는 말을 아끼는 모습이다. 수도권 사립대 관계자는 가수들의 무대 이외에 다른 축제 프로그램도 마련했음을 밝히기도 했다.""다른 대학교가 축제 비용으로 얼마를 쓰는지 잘 모르기 때문에 과도한 건지 아닌 건지 객관적으로 알 수 없다. 단순히 연예인이 무대를 꾸미는 것만이 축제의 전부는 아니기 때문에, 우리 학교는 단과대별로 참여할 수 있는 체육대회를 열어 학생들과 교수님들이 함께 어우러질 수 있는 축제 프로그램을 준비하기도 했다.""범죄피해 및 안전사고, 암표 거래에 차별논란까지          
     ▲  연세대 축제 모습            ⓒ 연세대 인스타그램  비단, 연예인 섭외 비용의 문제만 있는 게 아니다. 축제의 과열 양상이 불러오는 사건사고 및 논란들도 끊이지 않는다. 봄 축제가 한창이던 지난 5월 13일, 성균관대 인문사회과학캠퍼스 축제에서 20대 여성이 공연을 보던 중 성추행을 당한 사건이 발생하기도 했다. 하지만 당일 캠퍼스에는 학생뿐 아니라 외부인들까지 한데 몰려 혼잡한 상황이어서 용의자를 잡는 데는 실패했다.같은 달 26일 고려대 축제에서는 ""인파가 지나치게 몰려 압사 당할 것 같다""라는 신고가 들어와 일부 공연이 지연되는 일도 벌어졌다. 실제로 대학축제에는 재학생만이 아니라 무대에 서는 가수들의 팬들, 즉 외부인들이 대거 몰리기 때문에 관객수가 포화상태에 이르는 경우가 다반수다. SNS를 통해 학생증 혹은 암표가 거래되기도 한다. 재학생은 아니지만 무대를 보고자 하는 이들이 해당 학교의 학생증과 입장 팔찌 등을 돈을 지불하고 사는 것이다.           
     ▲  영남대 축제 모습            ⓒ 영남대 인스타그램  지난 9월에는 충북대 단과대 축제에서는 차별 논란이 일기도 했다. 단과대 학생회가 공연장을 천막으로 둘러싸서 학생회비 미납자들의 관람을 막았다는 내용이었다. 한 온라인 커뮤니티에선, 충북대학교 내에서 운영되는 익명 커뮤니티에 올라온 글을 전하는 게시물이 보이기도 했다.글쓴이는 ""공연장 내부 좌석은 학생회비를 낸 학생만 입장할 수 있었다""라고 주장했는데, 이에 대해 ""학생회비로 주최된 행사인 만큼 회비를 안 낸 사람이 못 보는 건 당연한 것""이라는 반응과 ""너무 했다, 옳지 않다""라는 반응으로 나뉘었다. 지난 5월에는 계명대에서 유사한 논란이 있었다. 계명대 총학생회가 공연 좌석을 일반존 2개, 재학생존 1개로 나뉜다고 알리며, 재학생존에 들어갈 수 있는 재학생들을 '학생회비를 납부한 학생들'로만 한정하겠다고 공지한 것. 이에 계명대 재학생들은 차별이라며 강력하게 반발하고 나섰고, 반발이 거세지자 계명대 총학생회 측은 관련 공지를 결국 삭제했다.앞서, 서울시립대도 학생회비를 낸 학생들이 축제 공연을 좋은 자리에서 관람할 수 있도록 '시립존'을 마련했다가 학생들의 반발로 철회한 바 있는데, 이에 대해 총학생회 측은 ""행사를 학생회비로 준비하고 있지만, 학생회비 납부자가 매우 적다. 학생회비를 납부한 학생들에게 아무런 혜택이 주어지지 않아 (혜택을 주기 위해 시립존을) 운영했던 것""이라고 입장문을 내기도 했다. 새로운 대학축제 문화 필요          
     ▲  호남대 축제모습            ⓒ 호남대 인스타그램  대학축제의 여러가지 문제점들이 지적되고 있는 가운데 일부 학교는 학생들이 중심이 되는 프로그램을 만들어 눈길을 끈다. 일례로, 중앙대는 학생들이 직접 주최하고 즐길 수 있는 플리마켓과 버스킹 공연, 영화제 등을 선보였고, 한국외대는 외대라는 특색에 걸맞게 세계 여행 부스들을 설치해 학생들이 각국의 문화를 간접 체험할 수 있도록 했다.호남대는 부모님과 가족 친지, 유학생, 교직원 등이 다함께 어우러져 즐기는 '호남대 패밀리 축제'를 개최했다. 이 축제에서 선보인 다양한 프로그램 중, 재학생이 부모님이나 형제, 자매, 친지 등과 함께 팀을 이뤄 경연에 참여하는 '패밀리가요제'가 특히 큰 호응을 얻었다.호남대 총학생회 측은 ""학생들이 거리두기와 비대면 수업 등으로 오랫동안 힘든 시간을 보냈을 뿐 아니라 부모님도 함께 힘든 시간을 보냈다고 생각한다. 그래서 부모님과 함께 즐기며 소통하는 시간을 마련해 감사함을 전하려 했다""라며 행사의 기획의도를 전한 바 있다.조선대학교는 오는 27일과 28일 '빛고을 보은제'를 개최해, 조선대 설립 주체인 시민과 도민과 함께하는 시간을 마련한다고 알렸고, 광주대 역시 지역민을 초대하는 프로그램을 마련해 나눔의 장을 꾸리기도 했다.
]"
2022.10.21. 오후 12:22,"
			뉴진스 민지 '잘생쁨'[엑's HD포토]
		",https://n.news.naver.com/mnews/article/311/0001515181?sid=106,"[
 
(엑스포츠뉴스 고아라 기자) 21일 오전 서울 마포구 와이즈파크에서 코카-콜라 크리에디션 X 아르떼뮤지엄 '드림월드' 팝업 행사가 열렸다.뉴진스 민지가 포토타임을 갖고 있다.
			]"
2022.10.21. 오후 12:20,"
			뉴진스 '패션은 어렵다'[엑's HD포토]
		",https://n.news.naver.com/mnews/article/311/0001515180?sid=106,"[
 
(엑스포츠뉴스 고아라 기자) 21일 오전 서울 마포구 와이즈파크에서 코카-콜라 크리에디션 X 아르떼뮤지엄 '드림월드' 팝업 행사가 열렸다.뉴진스가 포토타임을 갖고 있다.
			]"
2022.10.21. 오전 10:48,"
			[포토]하니, 뉴진스의 귀요미
		",https://n.news.naver.com/mnews/article/112/0003594970?sid=106,"[
 
[헤럴드POP=민선유 기자]그룹 뉴진스의 하니가 21일 오전 서울 마포구 양화로 복합쇼핑몰에서 진행된 글로벌 음료브랜드의 팝업스토어 오픈행사에 참석해 포토타임 촬영에 임하고 있다. 
]"
2022.10.15. 오전 8:20,"
			뉴진스 신났다, 스포티파이 누적 재생 2억 돌파
		",https://n.news.naver.com/mnews/article/144/0000842527?sid=106,"[
 
걸그룹 뉴진스(NewJeans). 어도어(ADOR)73일 만에 무려 2억 스트리밍을 넘어섰다.신예 걸그룹 뉴진스(NewJeans)가 스포티파이에서 신기록을 작성했다.15일 세계 최대 음악 스트리밍 업체 스포티파이가 발표한 최신 데이터(10월 12일 자)에 따르면, 뉴진스(민지, 하니, 다니엘, 해린, 혜인)의 데뷔 앨범 ‘New Jeans’의 누적 재생 수(전 수록곡 합산)가 2억 회를 돌파했다. 지난 9월 6일 기준 누적 재생 수 1억 회를 달성했던 ‘New Jeans’는 약 5주 만에 1억 회 이상 추가로 재생됐다. ‘New Jeans’가 발매 73일 만에 누적 2억 회 이상 재생됨에 따라 뉴진스는 2018년 이후 데뷔한 ‘4세대 K- 팝’ 그룹 중 최단기간에 앨범 스포티파이 2억 스트리밍 돌파 신기록을 세웠다.데뷔곡 ‘Hype boy’와 ‘Attention’의 누적 재생 수는 각각 76,243,947회와 74,509,175회로 집계됐는데 두 곡 모두 한 달여 만에 4천만 회 가까이 재생 수가 증가해 발매 3개월 차에도 식지 않는 인기를 과시했다.또한, 최신 차트(10월 12일 자) 기준으로 ‘Hype boy’는 지난 4일 ‘데일리 톱 송 한국’에서 1위를 탈환한 뒤 9일 연속 정상을 지키고 있고, ‘데일리 톱 송 글로벌’에 60일 연속 차트인 중이다. ‘New Jeans’의 수록곡 전곡은 발매 이후 단 하루도 빠지지 않고 ‘데일리 톱 송 한국’ 차트에 이름을 올리고 있다.‘Attention’은 K-팝 그룹 데뷔곡 최초로 ‘위클리 톱 송 미국’ 차트에 200위로 진입한 바 있다. 또한, 뉴진스의 ‘월별(최근 28일간) 리스너’는 9월 18일 1천만 명을 돌파했는데, 최근 6년간 데뷔한 K-팝 그룹 중 ‘월별리스너’ 1천만 명을 넘긴 그룹은 뉴진스가 유일하다.한편, 민희진 대표이사가 이끄는 어도어(ADOR)의 걸그룹 뉴진스는 ‘New Jeans’ 발매와 동시에 전 세계를 아우르는 대세 아티스트로 부상했다. 뉴진스는 ‘Attention’으로 미국 빌보드 차트에 10주 연속 차트인하며 다양한 글로벌차트에서 두각을 나타내고 있다.안병길 기자 sasang@kyunghyang.com
			]"
2022.10.21. 오전 10:57,"
			[포토]뉴진스, 5인5색 심쿵매력
		",https://n.news.naver.com/mnews/article/112/0003594977?sid=106,"[
 
[헤럴드POP=민선유 기자]그룹 뉴진스가 21일 오전 서울 마포구 양화로 복합쇼핑몰에서 진행된 글로벌 음료브랜드의 팝업스토어 오픈행사에 참석해 포토타임 촬영에 임하고 있다. 
]"
2022.10.21. 오전 10:47,"
			[MD포토] 뉴진스 다니엘 '웃는 인형'
		",https://n.news.naver.com/mnews/article/117/0003659411?sid=106,"[
 
[마이데일리 = 한혁승 기자] 그룹 뉴진스 다니엘이 21일 오전 서울 마포구 홍대와이즈파크에서 진행된 한 음료 브랜드와 아르떼뮤지엄 '드림월드' 팝업 프리오프닝 행사에 참석했다.(한혁승 기자 hanfoto@mydaily.co.kr)
]"
2022.10.21. 오전 11:06,"
			[MD포토] 뉴진스 다니엘 '상큼 하트'
		",https://n.news.naver.com/mnews/article/117/0003659435?sid=106,"[
 
[마이데일리 = 한혁승 기자] 그룹 뉴진스 다니엘이 21일 오전 서울 마포구 홍대와이즈파크에서 진행된 한 음료 브랜드와 아르떼뮤지엄 '드림월드' 팝업 프리오프닝 행사에 참석했다.(한혁승 기자 hanfoto@mydaily.co.kr)
]"
2022.10.21. 오전 11:09,"
			[MD포토] 뉴진스 혜인 '멋진 데님 라인'
		",https://n.news.naver.com/mnews/article/117/0003659438?sid=106,"[
 
[마이데일리 = 한혁승 기자] 그룹 뉴진스 혜인이 21일 오전 서울 마포구 홍대와이즈파크에서 진행된 한 음료 브랜드와 아르떼뮤지엄 '드림월드' 팝업 프리오프닝 행사에 참석했다.(한혁승 기자 hanfoto@mydaily.co.kr)
]"
2022.10.21. 오전 10:50,"
			[MD포토] 뉴진스 민지 '비타민 미소'
		",https://n.news.naver.com/mnews/article/117/0003659412?sid=106,"[
 
[마이데일리 = 한혁승 기자] 그룹 뉴진스 민지가 21일 오전 서울 마포구 홍대와이즈파크에서 진행된 한 음료 브랜드와 아르떼뮤지엄 '드림월드' 팝업 프리오프닝 행사에 참석했다.(한혁승 기자 hanfoto@mydaily.co.kr)
]"
