,sentence
0,BTS 의존도 낮추기 사활 건 하이브숫자로 엿보는 뉴진스의 ‘단기 고성과’ 그룹 뉴진스의 하니.
1,구찌코리아 제공그룹 뉴진스의 멤버 하니가 이탈리아 럭셔리 브랜드 구찌의 앰버서더가 됐다.
2,K팝 콘텐츠의 매력에 따라 한국 연예인을 자사 글로벌 앰버서더까지 세우는 브랜드가 늘어나고 있다.
3,방탄소년단(BTS)에의 의존도를 낮추려는 하이브는 여러 보도자료를 통해 뉴진스 등 새 간판 그룹의 등장을 강조하고 있다.
4,일각에선 BTS에의 의존도를 낮추기 위해 과하게 홍보한다는 주장이 있으나 뉴진스의 등장 후 하이브 주가가 소폭 반등한 것은 사실이다.
5,이들이 발매했던 가방형 앨범은 발매 직후 두 배가량 프리미엄이 붙어 중고거래 홈페이지를 통해서도 유통됐다.
6,멤버들은 인스타그램을 통해 앨범 가방을 착용한 사진을 올렸고 팬들의 구매 욕구를 자극했다.
7,구찌는 새 앰버서더 발탁 이유로 “스타일에 대한 하니의 확고한 철학은 우리 일상 전반에 녹아 있는 팝 컬처에 대해 주목하도록 만들며 다양성을 포용하고 자기 표현을 중시하는 구찌의 비전과 닮아 있다고 전했다.
8,새 앰버서더 발탁으로 기대하는 매출·파급력 관련한 설명을 묻는 구체적 질의에는 답하지 않았다.
9,앞서 구찌는 국내 K팝 아이돌 엑소 카이 아이유에 이어 이정재 신민아를 앰버서더로 발탁했다.
10,멤버들은 손글씨로 자취를 남겼고 한정판 가방도 전시돼 소비 심리를 움직였다.
11,패션 커뮤니티 일각에선 한국 기업의 이 같은 표현이 어색하다는 지적이 나온다.
12,다만 무신사는 이 같은 움직임을 앞세워 세계 시장을 공략하겠다는 심산이다.
13,한 업계 관계자는 “새 앰버서더를 고를 땐 회사가 원하는 고객의 나이대를 정한다며 “확장하고 싶은 고객층이 있으면 새 앰버서더를 뽑거나 화보 촬영 계약만 해 마케팅을 하기도 한다고 설명했다.
14,스포츠조선 문지연 기자 걸그룹 뉴진스의 하니가 신인으로는 파격적으로 명품 브랜드의 앰버서더가 됐다.
15,반짝이는 젊음과 대담하고 달콤하면서도 매력적인 뉴진스의 프레시한 룩과 스타일이 명랑한 음악과의 완벽한 조화까지 보여줬다.
16,이에 구찌는 하니를 앰버서더로 임명한 이유를 밝히며 순수한 매력과 타고난 패션 센스를 가진 아이코닉한 아티스트로 전세계적 사랑을 받고 있다.
17,하니가 무대 위에서 보여주는 넘치는 재능과 열정적인 퍼포먼스는 글로벌 팬들을 사로잡았다고 밝히기도.
18,스타일에 대한 하니의 확고한 철학이 일상에 녹아 있는 팝 컬처에 대한 주목을 높이고 다양성을 표현하는 구찌의 비전과 닮아 있다고 설명했다.
19,카메라를 바라보고 있는 그의 모습에서 소녀다움이 느껴지는 등 명품 브랜드의 앰버서더로 손색 없는 에너지가 전달됐다.
20,뿐만 아니라 전세계 팬들을 대상으로 하는 유튜브 콘텐츠에서도 강점을 보이고 있다.
21,com *재판매 및 DB 금지 *재판매 및 DB 금지서울뉴시스장인영 인턴 기자 그룹 뉴진스(NewJenas)가 부산에서 잊지 못할 추억을 쌓는다.
22,오로지 미션을 향해 직진한 민지·혜인과 달리 하니·다니엘·해린은 거리 곳곳을 포토존 삼아 사진을 찍는 등 자유분방한 모습을 보인다.
23,특히 공격하는 족족 성공하는 에이스 민지와 소리 없이 강한 해린의 대결은 보는 이들마저 긴장하게 만든다.
24,특히 민지는 스퀘어넥 스웨트셔츠에 체크 프린지 스커트를 스타일링하며 프레피한 매력을 한껏 뽐냈으며 하니는 크롭트 카디건 톱에 오버사이즈 데님 팬츠로 독보적인 매력의 힙한 스타일을 연출했다.
25,다니엘은 스커트가 레이어드 된 유니크한 데님 스커트 팬츠에 컬러 배색으로 포인트를 준 집업 카디건을 매치했고 해린은 베이스볼 자켓과 오버사이즈 카고 데님으로 아메리칸 빈티지와 스트리트 무드를 완벽하게 소화했다.
26,끝으로 혜인은 벨벳 후드 집업에 와이드 데님 팬츠를 매치하는 등 멤버마다 ‘진’을 각자의 개성이 돋보이는 방식으로 풀어냈다.
27,대기실에서 찍은 듯한 이 사진은 제시의 아슬아슬한 뒤태 노출 패션이 담겼다.
28,제시는 청바지의 앞섬을 열어젖히고 골반에 걸쳐 끈팬티까지 당당하게 보여줬다.
29,작가 김완선 취미로 그림 시작해 전시까지프리다 칼로에 큰 공감…그림에 영감 받아후배 해외진출 부러워…미국은 상상도 못해전성기 리즈 시절?
30,그 후로 리듬속의 그 춤을 삐에로는 우릴 보고 웃지 이젠 잊기로 해요 기분 좋은 날 등등 큰 사랑을 받았죠.
31,그런데 영원한 댄싱 퀸인 줄 알았던 김완선 씨가 화가가 돼서 돌아왔습니다.
32,◇ 김현정&gt; 화가 작가 이렇게 불리는 기분이 어떠세요?◆ 김완선&gt; 글쎄 제가 사실 그 울산 국제아트페어에 처음 가서 관객분들하고 이렇게 대화하는 그런 시간이 있었어요.
33,그런 행사가 있었는데 거기에서 이제 저를 김완선 작가님으로 이렇게 소개를 하셨더라고요.
34,◇ 김현정&gt; 아니 뭐 꾸준히 음악 활동하시고 방송 활동하시고 열심히 활동을 하시는 건 알았는데 저는 그림을 이렇게 작품을 전시할 정도로 그리시는 줄은 몰랐어요.
35,그런데 이제 그 이후에도 그림을 그리려고 해봤는데 일을 하다 보니까 그게 또 집중이 잘 안 되더라고요.
36,그래서 참 너무 감사하게 생각하고 하여튼 저에게 좋은 기회를 열어주신 것 같아요.
37,◇ 김현정&gt; 그 작품들을 한 번 지금 보면서 보면서 작가님의 설명을 직접 들어볼까요.
38,한 여성의 얼굴 그림인데 프리다 칼로라는 멕시코 화가라고요?◆ 김완선&gt; 맞아요.
39,이게 죽기 직전에 이 프리다 칼로의 마지막 말이 이 죽음의 여행이 행복하기를 그리고 다시 돌아오지 않기를 이런 말을 하고 죽은 거예요.
40,너무 와닿고 나랑 너무 비슷한 생각을 가진 사람이다 해서 그래서 그 글귀도 그림에 좀 적어넣었어요.
41,◇ 김현정&gt; 지금 글귀가 이 죽음의 여행이 행복하기를 그리고 다시 돌아오지 않기를 이렇게 영어로 이렇게 적혀져 있는데 왜 이 말이 그렇게 마음에 와 닿으셨어요?◆ 김완선&gt; 정말 고통스러운 삶이지만 본인은 최선을 다해서 살았던 것 같아요.
42,◇ 김현정&gt; 거실 벽에도 저 그림을 다 걸은 두 번째 작품으로 가겠습니다.
43,김완선 화가의 두 번째 이 작품은 제목이 잇츠유 역시 여성의 그림인데 여성의 얼굴인데 저는 언뜻 보면서 인상이 김완선 씨 자화상인가?◆ 김완선&gt; 자화상인 거죠.
44,그래서 예전에 제가 데뷔했을 때 머리가 이렇게 곱슬곱슬한 머리가 그냥 저의 원래 머리예요.
45,◇ 김현정&gt; 그게 파마하고 나오신 게 아니었어요?◆ 김완선&gt; 아니에요.
46,이 작품이 이제 저는 미스터리인데 제가 지금 라디오를 들으시는 청취자들께 어떻게 설명을 드리기가 애매해요.
47,약간 언뜻 보면 무슨 동물 늑대 같기도 하고 그런데 눈만 반짝반짝거리는 어떤 노란색 물체인데 제목이 삐에로는 우리를 보고 웃지입니다.
48,그래서 사실 같이 붙어 있는데 그 그림을 그리고 그리고 그리다 보니까 결국은 컬러를 다 빼게 됐어요.
49,처음에는 굉장히 컬러풀한 그림이었는데 자꾸 계속 보다 보면 또 이렇게 바꾸고 또 계속 보다 보면 또 이렇게 바꾸고 하다가.
50,◆ 김완선&gt; 그래서 지금은 저 그림 완성은 거의 이제 컬러를 다 뺀 상태였는데 저게 결국엔 제일 마음에 들더라고요.
51,그래서 저렇게 됐는데 그래서 이제 삐에로는 우릴 보고 웃지라는 제목을 붙였어요.
52,◆ 김완선&gt; 그냥 뭐 이렇게 뭐든 안 좋은 기억들을 덮어버리자?◇ 김현정&gt; 아니 최근에 한 예능 프로그램을 보니까 이효리 엄정화 보아 화사 후배 가수들이 김완선 씨 댁에 놀러 갔더라고요.
53,선배 언니가 선배 가수가 그런 얘기를 하니까 다들 이게 무슨 얘기야 하면서 듣는 이런.
54,◆ 김완선&gt; 그러니까 일적으로는 사실 너무 사랑을 많이 받았으니까 저한테는 가장 리즈 시절이기도 하겠죠.
55,근데 하지만 제 개인적으로는 조금 같이 일하시는 분하고 좀 갈등이 있었고 또 그런 거를 그 어린 나이였기 때문에 제가 아무리 풀고 싶어도 그게 되지가 않았어요.
56,시도조차 할 수도 없었고 시도를 한다 해도 금방 이렇게 무시되고 그런 게 계속 반복이 되다 보니까 어떤 가장 슬픈 거는 어떤 일에 대한 애정을 잃어버렸던 거죠.
57,◆ 김완선&gt; 좋아하는 일을 시작했는데 그 일을 좋아하게 되지 못하게 된 거죠.
58,그리고 좀 어느 정도는 포기를 하게 된 마음 그런 것도 좀 있었고 그런 게 사실은 좀 가장 안타까운 부분인 것 같아요.
59,◇ 김현정&gt; 삐에로는 우릴 보며 웃지가 김완선 씨의 최대 히트곡 중에 하나인데 그 제목을 한 그림은 저렇게 까맣게 덧칠이 돼 있다는 게 지금 말씀하신 그 스토리와 다 맞아 떨어지는 게 있네요.
60,그런 가요제를 통해서 혹은 매니저들이 이렇게 라이브 카페 같은 데서 노래 잘하는 사람 마음에 맞는 사람 있으면 같이 하고 그런 식으로 가수가 되는 기회가 있었다면 저처럼 이렇게 일찍한 케이스가 처음이죠.
61,◇ 김현정&gt; 요즘에 종횡무진하는 후배들 보면 뭐 BTS니 블랙핑크니 뭐 이런 또 굉장히 어린 친구 뉴진스 이런 친구들 보면 어떠세요?◆ 김완선&gt; 부러워 죽겠어요.
62,왜요?◆ 김완선&gt; 아니 너무 일단 잘하고 일단 대한민국이 이런 시대가 올 거라고 정말 상상도 못했어요.
63,저희 매니저였던 분은 그때 우리나라에서 미국까지 이런 건 진출하는 건 좀 그렇고 하지만 아시아까지 할 수 있겠다라는 생각을 했었는데.
64,◇ 김현정&gt; 미국은 상상도 못 할 일이었습니까?◆ 김완선&gt; 상상도 못했죠.
65,◇ 김현정&gt; 내가 지금 다시 태어났으면 지금 내가 이거 BTS 블랙핑크 저리 가라 했을 텐데 이런 생각 솔직히.
66,◇ 김현정&gt; 정말 제가 좋아하는 몇 곡 그 손가락 다섯 손가락 안에 들 정도로 제가 좋아하는 곡인데.
67,◆ 김완선&gt; 근데 저도 그 노래 이렇게 가끔 듣는데 너무 아련하고 좋아요.
68,◇ 김현정&gt; 그 어린 후배들 지금 핫한 그 후배들 못지않게 멋진 작품을 가지고 돌아오셨는데 조금 전에 직접 작사 작곡에 프로듀싱에 뮤직비디오 감독까지 한 그 작품 신곡 제목이 사과꽃.
69,어떤 이야기를 담으신 곡이에요?◆ 김완선&gt; 이 노래는 좀 그렇죠 인연 깊은 인연과 헤어지고 그리워하는데 언젠가 내 마음에 봄이 오면 그래도 그런 그리움도 좀 사라지고 내가 행복하게 잘 살 수 있지 않을까라는 그런 좀 희망 사항도 좀 닮은 그런 가을하고 어울리는 발라드입니다.
70,◇ 김현정&gt; 재미있게 즐기며 사는 화가이자 가수이자 작곡가이자 정말 다양한 일을 하고 있는 예술가 김완선 씨의 앞날을 응원하겠습니다.
71,방송화면 캡처뉴진스(NewJeans)가 부산에서 웃음과 힐링 에너지를 선사했다.
72,이들은 각 장소에 걸린 미션을 수행하기 위해 불꽃튀는 승부욕을 발산하는가 하면 미션 실패도 긍정적으로 받아들이는 등 웃음과 힐링을 선사했다.
73,부산의 명물 갈미조개를 먹으러 간 뉴진스는 초성 퀴즈 미션을 척척 맞히는 환상의 호흡을 보이며 모두가 미션에 성공했다.
74,멤버들은 무쌈과 김 등을 활용해 각자의 방식으로 갈미조개를 즐겨 새싹 ‘먹방러’의 자질을 보였다.
75,다대포에 도착한 뉴진스는 아쉽게 놓친 일몰에 실망하기도 했지만 이내 바다에 도착했다는 기쁨에 애니메이션 주제곡 ‘Under the Sea’를 불러 낙천적인 면모를 드러냈다.
76,이어 뉴진스는 낙조 분수대에서 분수쇼가 시작되자 일제히 분수대로 뛰어들었고 데뷔곡 ‘Attention’에 맞춰 춤을 추면서 청춘 드라마의 한 장면 같은 뮤직비디오를 완성했다.
77,뉴진스는 이날 하루 동안 수행한 비밀 미션을 공개하면서 해맑은 매력을 빛냈다.
78,모두의 미션 결과가 공개된 뒤 멤버들은 “다들 잘 했다라면서 서로를 다독여 돈독한 우정을 자랑했다.
79,이튿날 아침 민지와 혜인은 해변을 거닐면서 달리기 경주를 펼치고 모래사장에 ‘뉴진스 in 코드’를 새기는 등 새로운 추억을 쌓았다.
80,이후 뉴진스는 루지 탑승에 앞서 터져 나오는 설렘을 감추지 않았고 시작부터 함성을 지르며 루지의 매력에 푹 빠졌다.
81,뉴진스는 방송 말미 ‘K-디저트 타임’을 예고하는 안내문을 받고 기대 만발하는 모습을 보였다.
82,이어 공개된 다음 회차 예고편에는 길거리 화보를 찍는 멤버들의 모습과 다도를 즐기는 장면이 공개돼 이들의 부산 여행이 어떻게 마무리됐을지 궁금증을 높였다.
83,마이데일리 한혁승 기자 떠오르는 대세 그룹 뉴진스가 팬 사이에서 코디의 안티설이 제기될 만큼 패션에 실망스러움을 드러냈다.
84,그룹 뉴진스 멤버들의 출중한 비주얼만큼 패션이 따라가지 못한다고 생각하고 있다.
85,코디의 욕심인지 협찬 브랜드의 모든 아이템을 보여주는 듯 멤버들의 개성이라고 할 수 있는 헤어는 모두 모자로 덮어버리고 치마부터 와이드 팬츠까지 마치 옷 상점의 모든 아이템을 모두 보여주는듯한 패션을 선보였다.
86,다니엘과 민지는 색만 다른 니트 재질의 패션으로 같은 옷 누가 더 예쁘나 비교하 듯 패션을 선보였다.
87,민지를 제외한 모든 멤버들에게는 이렇게 같은 디자인의 다양한 색상과 패턴의 모자가 있습니다라고 보여주 듯 난해한 패션 포인트를 줬다.
88,가을 패션에 어울리는 롱부츠와 앵클부츠를 신은 멤버가 있는가 하면 혜인은 홀로 발가락을 드러낸 샌들을 신고 있다.
89,스마트폰과 컴퓨터가 보편적으로 보급된 환경에서 자란 Z세대의 팬덤 문화는 적극적으로 자신이 좋아하는 아티스트에게 의견을 제시하고 실망스러운 것은 과감히 비판한다.
90,이러한 팬들의 반응은 소속사에서 콘셉트 등 새로운 결정을 할 때 고려해 반영되기도 한다.
91,모두가 인형 같은 비주얼의 뉴진스의 패션이 앞으로 어떻게 변할지 기대가 된다.
92,내 맘 본능 편에서는 뉴진스 멤버 하니와 다니엘이 각자 스타일에 맞는 액세서리로 매력을 뽐내며 직접 원하는 메뉴로 홈화면을 구성할 수 있는 내 맘대로 홈 기능을 사용해 각자의 스타일대로 뉴 쏠의 홈 화면을 꾸미는 에피소드를 담았다.
93,스토리 본능 편은 거래 내역에 나만의 스토리를 담아 기록하고 공유할 수 있는 스토리뱅크 기능을 이용해 뉴진스 멤버 혜인과 해린이 민지의 생일선물과 케이크 거래 내역을 사진과 영상으로 기록하며 추억을 공유하는 내용이다.
94,신한은행은 뉴 쏠 TV광고 공개를 기념해 New Jeans X 신한 SOL 이벤트를 진행한다.
95,이날 ‘독수공방 하우스’는 ‘시크릿 박스’의 등장과 함께 로맨스 대격변에 휩싸인다.
96,한 출연자는 휴대전화까지 떨구며 망연자실하고 또 다른 출연자는 “너무 빡세다며 나라 잃은 표정으로 심신 안정에 돌입한다.
97,오로지 여자들의 선택으로만 결정되는 세 번째 밤 데이트에서는 여자들의 눈치싸움이 본격화된다.
98,서로의 속내를 탐지하려는 여자들의 살얼음판 기싸움을 지켜보던 정혜성은 “그만해!
99,나중엔 내가 더 빠져서 나만의 뉴진스였으면 좋겠고…라고 ‘독수공방 하우스’ 속 로맨스 판도를 ‘뉴진스’에 빗대어 분석한다.
100,드디어 세 번째 밤 데이트가 다가오자 반전에 반전을 거듭하는 충격 사태가 벌어진다.
101,이를 본 정혜성은 “전 울었을 것 같다고 안타까워하고 노홍철은 “화내도 인정이라며 고개를 끄덕인다.
102,급기야 초조한 밤을 보내던 한 출연자는 감정을 주체하지 못해 눈물까지 보이고 “이 정도일 줄은 몰랐다.
103,결국 정혜성은 미간까지 잔뜩 접으며 “아우 어떡해를 외치고 노홍철도 “진짜 못 보겠다며 말문을 닫는다.
104,하지만 얼마지 않아 ‘반전 로맨틱남’의 등장으로 ‘잠만 자는 사이’의 로맨스 기류는 새롭게 바뀐다.
105,노홍철은 “난리났어 이제!라고 잔뜩 흥분하고 정혜성은 “완전 남자다라고 감탄한다.
106,사진박문수 기자코카콜라의 신제품 코카콜라 제로 드림월드가 하늘색 콜라로 불리며 인기몰이 중이다.
107,코카콜라가 한정판 신제품 출시를 기념해 기획한 코카콜라 에디션X아르떼뮤지엄 드림월드 팝업스토어에는 대세 아이돌 뉴진스와 가수 쌈디 배우 이이경 등도 방문했다.
108,하늘색 콜라와 핑크색 공간 그리고 연예인을 앞세워 MZ세대에게 호평을 이끌어냈다.
109,디지털 아트를 전문으로 전시해온 아르떼뮤지엄과의 협업을 통해 구성된 팝업은 인스타그래머블한 감성으로 꾸며져 곳곳이 포토스팟으로 보였다.
110,△포토존 △포토부스로 구성된 체험존과 △비치 △정글 △썬더 △코카콜라를 주제로 디지털 아트가 표현된 전시존을 돌아보니 코카콜라가 좀 더 젊게 느껴졌다.
111,코카콜라 관계자는 독창적인 꿈의 세계를 표현한 디지털 미디어 아트를 통해 일상이 꿈처럼 황홀해지는 몰입을 경험하길 바란다고 말했다.
112,올해 초 코카콜라는 이색적인 브랜드 경험을 제공하기 위해 코카콜라 크리에디션을 선보였다.
113,#콜라 #팝업스토어 #코카콜라 #코카 #크리에디션 #아르떼뮤지엄 #드림월드
114,내 맘 본능 편에서는 하니와 다니엘이 각자 스타일에 맞는 액세서리로 매력을 뽐내며 직접 원하는 메뉴로 홈화면을 구성할 수 있는 내 맘대로 홈 기능을 사용해 각자의 스타일대로 쏠(SOL)의 홈 화면을 꾸미는 에피소드를 담았다.
115,스토리 본능 편은 거래 내역에 나만의 스토리를 담아 기록하고 공유할 수 있는 스토리뱅크 기능을 이용해 혜인과 해린이 민지의 생일선물과 케이크 거래 내역을 사진과 영상으로 기록하며 추억을 공유하는 내용이다.
116,신한은행은 뉴 쏠(New SOL) TV광고 공개를 기념해 New Jeans X 신한 SOL 이벤트를 진행한다.
117,민희진은 검은 볼캡을 쓴 채 브이를 했다가수 겸 배우 크리스탈이 민희진 대표와 각별한 우정을 자랑했다.
118,크리스탈 인스타그램 캡처특히 자리에는 하이브 산하 레이블 ‘어도어’ 대표 민희진이 참석해 눈길을 끈다.
119,민희진은 과거 SM엔터테인먼트의 아트디렉터로 일하며 크리스탈이 속한 그룹 에프엑스를 비롯해 샤이니 엑소 레드벨벳 등을 디렉팅한 바 있다.
120,민희진은 SM엔터테인먼트를 퇴사한 후 현재 ‘어도어’의 대표로 재직하며 그룹 뉴진스를 탄생시켰다.
121,이어 그런데 그 친구도 스타일링에 따라 다르게 보이기도 하더라 풋풋한 느낌을 개인적으로 좋아하기도 하고 어떻게 보면 다르고 어떻게 보면 닮기도 했다 너무 예쁘지 않나 뉴진스라고 말했다.
122,또한 그는 뉴진스가 나오자마자 유튜브 동영상으로 몇 번을 돌려봤는지 모른다 기분이 좋았다 요즘 예쁘게 나오는 핫한 친구를 닮았다고 하시니까라며 (나보다는)조금 더 이국적인 느낌이다라고 덧붙였다.
123,뉴진스 유튜브 채널에는 데뷔 후 뉴진스가 리얼리티 프로그램에서 같이 해 보고 싶었던 일을 즐기는 모습을 담은 뉴집스(NewZips)를 비롯해 앨범 제작 비하인드를 담은 메이킹 진스(Making Jeans) 기획형 웹 예능 진스 진(Jeans ZINE) 제작과 다양한 활동 비하인드를 가볍게 담은 라이트 진스(Light Jeans) 등이 업로드됐다.
124,어도어는 뉴진스는 뉴집스를 통해 데뷔 활동 비하인드부터 왁자지껄 캠핑 서로의 버킷리스트 룩을 완성해 준 빈티지 숍 쇼핑까지 멤버들의 있는 그대로의 모습과 발랄한 예능감을 보여줘 호평을 받고 있다고 전했다.
125,사진 출처 코카-콜라 코카-콜라가 하늘색 캔에 담긴 신제품 코카-콜라 제로 드림월드 출시를 기념해 홍대에 특별한 팝업스토어를 열었다.
126,제주 여수 강릉에서 만날 수 있던 아르떼뮤지엄과의 협업을 통해 몰입형 공간을 구현 경험을 중시하는 젊은 층을 공략한다는 전략이다.
127,공식 개관 전날엔 뉴진스 쌈디 이이경 등 유명인이 대거 현장을 찾아 관심도를 높였다.
128,비치 공간으로 들어서자 어둠 속에서 형형색색의 파도가 일렁였고 정글에서는 열대우림 속 기린 코끼리 등이 움직이는 모습이 형상화됐다.
129,코카-콜라 존에는 신제품 제로 드림월드를 맛볼 수 있는 냉장고를 중심으로 다양한 포토존이 마련돼 있었다.
130,신제품 제로 드림월드는 코카-콜라가 한정판 프로젝트 코카-콜라 크리에디션의 국내 세 번째 제품이다.
131,기존 제로콜라에 복숭아 농축과즙을 가미해 상큼함을 더했고 캔 배경에 하늘색을 입혀 기존 제품과 차별화?다.
132,코카-콜라는 드림월드 팝업을 통해 단순 제품 홍보를 넘어 브랜드 고유의 독창성과 예술성을 적극 알린다는 전략이다.
133,걸그룹 뉴진스를 비롯해 스프라이트의 새로운 모델 스프라이트 보이즈로 활동을 시작한 가수 로꼬와 GRAY(그레이) 씨그램 모델인 댄스팀 YGX 리더 리정 배우 이이경 등이 참석해 눈길을 끌었다.
134,◆ 식품업계 팝업 경쟁 치열…젊은 층 적극 공략 코카-콜라 제로 드림월드 팝업스토어의 `코카-콜라` 공간.
135,비교적 적은 비용으로 소비자 반응을 미리 살펴볼 수 있는 데다 인스타그래머블한(인스타그램에 올릴 만한) 공간을 중심으로 SNS 입소문 효과까지 톡톡히 얻을 수 있어서다.
136,동서식품은 핼러윈 시즌에 맞춰 이달 말까지 스타필드 고양점에서 오레오의 핼러윈 대모험이라는 콘셉트로 핼로윈 오레오 제품 팝업스토어를 진행한다.
137,사진 이하린 기자 이달 초에는 매일유업이 서울 성동구 성수동에 귀리 관련 제품을 체험할 수 있는 팝업스토어 어메이징 오트(귀리) 카페를 열었고 CJ제일제당 비비고는 국내 크래프트(수제) 맥주기업 제주맥주와 손잡고 팝업스토어 도깨비 만두바를 개관했다.
138,com사진 영상 제보받습니다 공감언론 뉴시스가 독자 여러분의 소중한 제보를 기다립니다.
139,com사진 영상 제보받습니다 공감언론 뉴시스가 독자 여러분의 소중한 제보를 기다립니다.
140,윤은혜는 과거 걸그룹 베이비복스로 활동한 경험이 있는 만큼 안무를 깔끔하게 소화해 눈길을 끌었다.
141,윤은혜는 영상 설명을 통해 아프리카 다녀와서 막막차 탄 Hype boy…더이상 막차는 없겠죠?라며 즉흥으로 하게 됐는데 약간 칼군무 각이 나오죠?
142,한편 윤은혜는 최근 MBC 예능 놀면 뭐하니?에 출연해 프로젝트 그룹 WSG 워너비로 활동한 바 있다.
143,텐아시아김서윤 기자 사진 크리스탈 인스타그램가수 겸 배우 크리스탈이 민희진 대표와 친분을 자랑했다.
144,사진 크리스탈 인스타그램공개된 사진에는 케이크를 선물 받고 행복한 표정을 지은 크리스탈의 모습이 담겨있다.
145,민희진은 SM 대표 아트디렉터로 소녀시대 에프엑스 엑소 엔시티 등을 디렉팅한 바 있다.
146,매월 텐아시아 아티스트 톱텐(TENASIA ARTIST TOP TEN)에 주어지는 혜택은 아티스트 단독 특집 기사 매월 텐아시아 메인 내 Artist Top Ten으로 홍보된다.
147,방탄소년단(BTS)을 주력으로 내세우던 하이브(HYBE)가 각 레이블에서 탄생한 걸그룹들의 선전으로 안도의 한숨을 내쉬고 있다.
148,이 같은 최근의 흐름은 방탄소년단의 진(본명 김석진)을 시작으로 한 군 입대 계획이 본격적으로 시작됐기에 더욱 큰 의미를 갖는다.
149,이처럼 하이브가 제시한 미래 청사진과는 별개로 최근 각 레이블들의 대표 걸그룹들이 크게 약진 중인 것이 눈에 띈다.
150,증권가 역시 이 걸그룹들의 행보 등에 주목하면서 하이브에 대한 가치를 긍정적으로 내다보고 있다.
151,먼저 하이브의 레이블 어도어에서 탄생한 신인 그룹 뉴진스(NewJeans)는 시작부터 파격적인 프로모션을 선보여 화제를 모았다.
152,이들은 데뷔와 동시에 어텐션 hype boy Cookie 등 세 편의 뮤직 비디오를 통해 멤버를 공개했다.
153,이에 더해 멤버의 과거 리스크까지 이어지면서 적지 않은 우여곡절을 겪어야 했다.
154,이러한 후배 걸그룹들의 약진에도 불구하고 탄탄한 팬덤을 보유 중인 프로미스나인의 꾸준함도 칭찬할 만하다.
155,앞서 밝힌 하이브 레이블 산하 세 걸그룹들의 행보를 보면 앞으로 이들의 비중은 점점 커질 전망이다.
156,방탄소년단의 부재가 확실시 된 현재 하이브는 아이러니하게도 걸그룹 명가가 될 절호의 기회를 맞았다.
157,과연 이 세 팀의 걸그룹은 큰 오빠들(BTS)의 빈 자리를 조금이나마 채울 하이브의 미래 먹거리로 성장할 수 있을까.
158,사진OSEN* YTN star에서는 연예인 및 연예계 종사자들과 관련된 제보를 받습니다.
159,한편 민희진 대표이사가 이끄는 어도어(ADOR)에서 선보인 뉴진스는 ‘New Jeans’ 발매와 동시에 전 세계를 아우르는 대세 아티스트로 부상했다.
160,/사진정수정 인스타그램가수 겸 배우 정수정(크리스탈)이 어도어 CEO 민희진과 생일 파티를 공개했다.
161,정수정이 그룹 에프엑스로 활동하던 시절 A&amp;R로 있던 민희진과 작업 다수 앨범으로 좋은 성적을 거뒀다.
162,스카이파크 전망대·마린 어드벤처 파크·청사포… 걸그룹 뉴진스가 SBS 예능프로그램 ‘뉴진스 코드 in 부산’을 통해 부산 여행기를 공개해 인기를 끌고 있다.
163,사진제공｜SBS 걸그룹 뉴진스(민지·하니·다니엘·해린·혜인)가 최근 방송하는 SBS 예능프로그램 ‘뉴진스 코드 in 부산’(뉴진스 코드)을 통해 부산 곳곳에 숨겨진 관광명소를 소개해 눈길을 끈다.
164,이들의 발자취를 뒤따르는 팬들이 각종 SNS에 인증샷을 잇따라 올리면서 해당 장소들이 벌써 ‘핫 플레이스’로 발돋움하고 있다.
165,또 부산의 명물인 돼지국밥을 즐기고 루지를 타고 도로를 질주하는 모습으로 ‘반전’도 선사한다.
166,이들이 프로그램을 촬영한 송도 스카이파크 전망대 영도 마린 어드벤처 파크 전포공구길 청사포 등대 대대포 낙조분수쇼 등에는 이미 팬들의 발길로 북적이고 있다.
167,부산시티투어버스를 이용하는 방법이나 멤버들이 부평깡통시장에서 사먹은 물떡 호두과자 등 각종 먹거리를 판매하는 점포 등에 대한 정보도 각종 SNS에서 끊임없이 공유되고 있다.
168,이들이 방문한 장소마다 설치된 QR코드를 찍어 각종 미션을 따라한 후 개인 SNS에 인증샷을 올리면 된다.
169,송도 영도 전포 광안리 등 촬영지여행코스 개발하고 SNS 이벤트K-POP 스타 뉴진스가 부산에서 촬영한 ‘뉴진스 코드 in 부산’의 장소들이 여행 코스로 개발된다.
170,부산관광공사 제공공사는 프로그램 속 촬영지인 ▷송도 스카이파크 전망대 ▷영도 마린 어드벤처 파크 ▷부산시티투어버스(부산역 정류장) ▷전포공구길(청년플래닛) ▷광안리 관광안내소(드론쇼) ▷해운대리버크루즈 ▷청사포 등대 일대에 이벤트 미션을 확인할 수 있는 QR코드 입간판을 설치했다.
171,미션을 따라 여행 인증샷을 촬영하고 개인 SNS 계정에 업로드하면 이벤트 참가가 가능하다.
172,공사 관계자는 “글로벌 관광도시 부산을 알리기 위한 사업의 일환으로 제작한 이번 예능 프로그램의 촬영지를 신규 부산 여행코스로 개발해 국내외 여행객 대상으로 다양한 프로모션을 진행할 계획이라며 “관광객 유치 확대를 위해 숨겨진 부산 관광지를 지속적으로 발굴하고 알리겠다고 말했다.
173,두 번째 에피소드에서는 뉴진스가 부산에서만 맛볼 수 있는 ‘갈삼구이(갈미조개+삼겹살)’를 맛보고 다대포의 낙조분수쇼를 감상하는 모습이 담길 예정이다.
174,진옥동 행장 모든 연령층이 이해할 수 있도록 쉽게 만들어 그룹 뉴진스/ 사진제공어도어신한은행의 애플리케이션(이하 앱) 신한 쏠(SOL)이 신한 뉴쏠(New SOL)로 새롭게 바뀐다.
175,바뀐 앱은 고객이 원하는 대로 홈화면을 구성하는 등 개인의 스토리를 담을 수 있도록 한 것이 특징이다.
176,신한은행 측은 은행의 앱이 아닌 고객의 앱으로 금융 앱 패러다임을 고객 중심으로 전환하기 위해 노력했다고 설명했다.
177,또한▲고객이 직접 원하는 메뉴로 홈 화면을 구성하는 ‘나만의 홈 화면’ ▲수취인을 계좌번호가 아닌 친구 그룹으로 등록해 바로 이체할 수 있는 ‘뉴 이체’ ▲거래 내역에 나만의 스토리를 담아 기록 공유할 수 있는 ‘스토리 뱅크’ 등 새로운 서비스를 선보인다.
178,신한은행 본점 건물신한은행은 뉴쏠 출시를 기념해 이날 오전 은행 본점에서 고객 자문단과 언팩 세러머니(Unpack Ceremony)를 진행했다.
179,행사는 조용병 신한금융그룹 회장의 고객 자문단에 대한 감사 인사를 시작으로 진옥동 신한은행장의 뉴 쏠 개발 철학 키노트 스피치 뉴 쏠 개발에 함께한 고객과 직원의 개발 스토리 &amp; 토크쇼 순서로 진행됐다.
180,이날 행사에 참석한 진옥동 은행장은 어려운 금융 용어는 지우고 모두가 이해하기 쉽게 표현하기 위해 노력했다며 글씨 크기도 더욱 확대해 고령층들도 편하게 사용하실 수 있도록 했다고 말했다.
181,이어 고객과 함께 만드는 쏠의 진화는 앞으로도 계속될 것이라며 누구나 더 쉽고 편안하게 새로운 금융을 누릴 수 있도록 최선의 노력을 다하겠다고 덧붙였다.
182,특히 이번 행사에서는 뉴 쏠 광고모델인 걸그룹 뉴진스(New Jeans)의 광고를 최초 공개하고 핵심 기능을 체험할 수 있는 체험존 고객과 함께 할 수 있는 포토존 등 다양한 이벤트를 준비했다.
183,신한은행 관계자는 뉴 쏠이 고객에게 제공되는 앱이 아닌 고객이 제작하는 앱의 시작이 되었으면 한다며 언팩 행사 또한 뉴 쏠(New SOL)의 시작부터 함께 해주신 고객에게 가장 먼저 공개한다는 취지로 기획했다고 강조했다.
184,com *재판매 및 DB 금지서울뉴시스정진아 인턴 기자 그룹 뉴진스가 멤버들 간 케미 넘치는 모습을 보여준다.
185,멤버 해린의 미션을 들은 나머지 멤버들은 해린이가 그런 말을 하는 애가 아닌데라며 놀란다.
186,다음날 아침 일찍 일어난 멤버 민지와 혜인은 광안리 해변에서 산책을 즐긴다.
187,루지를 타기 위해 이동하는 차 안에서 멤버 다니엘은 루지 타러 간다~나는 신난다~라는 노래를 즉석에서 만들어 다같이 부른다.
188,높이 올라가는 리프트에서 겁먹은 혜인에게 민지는 언니가 잡아줄게라고 다독여준다.
189,사진 큐브엔터테인먼트 (여자)아이들((G)I-DLE)과 르세라핌(LE SSERAFIM)이 컴백 돌풍을 일으켰다.
190,연관 키워드로는 ‘곡이 돋보이는’ ‘존재감을 과시하는’ ‘글로벌한 인기를 얻는’ 등이 있다.
191,글로벌차트에선 르세라핌의 ‘안티프래자일’(ANTIFRAGILE) 순위가 높았지만 음반판매량과 국내 기반의 써클지수에선 (여자)아이들이 앞섰다.
192,세계인은 어떤 K팝을 가장 많이 들을까 셀 수 없이 많은 미디어를 타고 흐르는 K팝.
193,대한민국 대표 대중음악차트 써클차트(구 가온차트)는 국내 음원차트(멜론ㆍ벅스ㆍ바이브ㆍ지니ㆍ플로)에 애플뮤직ㆍ스포티파이ㆍ유튜브까지 글로벌 플랫폼의 차트 데이터를 받아 전 세계에서 인기 있는 K팝을 매주 집계하고 있다.
194,앨범차트는 유통사와 소속사를 통해 데이터를 제공 받아 국내외 출고량을 줄세운 지표다.
195,국내 유통되는 모든 음악을 다루며 공개된 데이터에 더해 소속사와 유통사만이 가진 비공개 데이터도 분석을 통해 신뢰성을 더했다.
196,com사진 영상 제보받습니다 공감언론 뉴시스가 독자 여러분의 소중한 제보를 기다립니다.
197,뉴진스는 매일 찾게 되고 언제 입어도 질리지 않는 진(Jean)처럼 시대의 아이콘이 되겠다는 포부와 ‘New Genes’가 되겠다는 각오를 팀명에 담은 그룹이다.
198,이들은 힙하고 트렌디한 패션과 풋풋하면서도 자연스러운 이미지로 데뷔와 동시에 각종 차트를 휩쓸며 인기를 끌었다.
199,최종적으로 시사저널 편집국에서 올 한 해 미디어에 나온 여러 자료를 검토하고 검증하는 과정을 거쳤다.
200,매일 찾게 되고 언제 입어도 질리지 않는 진(Jean)처럼 시대의 아이콘이 되겠다는 포부를 담은 신인 그룹.
201,검은 생머리와 옅은 화장 스포티한 의상은 다른 걸그룹의 콘셉트와 차별화된다.
202,다른 그룹들이 걸크러시 콘셉트를 강조한다면 뉴진스는 풋풋한 소녀들의 자연스러운 느낌을 내세운다.
203,영상 속 윤은혜는 그륩 뉴진스의 노래 Hype boy의 안무를 완벽하게 소화해내 눈길을 끌었다.
204,윤은혜는 이어 아프리카 다녀와서 막막차 탄 Hype boy 더이상 막차는 없겠죠?
205,ㅋㅋ;; 이름하여 MZ세대가 함께 춘 하잎뽀이 z세대 칭구는 한 번 보고도 안무를 따네요.
206,ㅎㅎㅎㅎ 시험 공부 중이라 바쁘지만 함께해준 시영아 거마워 #하입보이 #뉴진스 #댄스커버라 덧붙이며 지인에게 고마움을 표했다.
207,한편 윤은혜는 최근 MBC 놀면 뭐하니?에 출연 프로젝트 그룹 WSG워너비 멤버로 활동했다.
208,/이새롬 기자 하반기 가요계를 강타하고 있는 그룹 뉴진스(NewJeans)에게 따라붙는 수식어는 괴물 신인이다.
209,이에 민지 하니 다니엘 해린 혜인 등 다섯 멤버들은 수상 이후 진행된 &lt;더팩트&gt;와 인터뷰에서 시종일관 환한 미소를 보이면서 기쁜 마음을 감추지 못했다.
210,뉴진스가 이날 꾸민 무대는 댄스챌린지 열풍을 몰고 온 하입 보이(Hype Boy)와 큰 사랑을 받은 대표곡 어텐션(Attention).
211,혜인은 데뷔하기 전에 저희끼리 연습을 열심히 했는데 기대보다 너무 많은 분들께서 저희가 공유하고 싶은 음악을 많이 사랑해주시고 저희 무대를 보고 밝은 에너지를 함께 느끼실 수 있는 것 같아서 너무 뿌듯하다.
212,데뷔와 동시에 큰 스포트라이트를 받으면서 앞으로 뉴진스의 행보를 기대하는 이가 더 많지만 그 만큼 하고 싶은 것이나 먹고 싶은 것이 많을 나이다.
213,밥은 먹고 다니는 지 걱정하는 팬들을 위해 지금 이 순간 가장 하고 싶은 것이나 먹고 싶은 게 있는 지 물었다.
214,멤버들은 붕어빵이라는 단어가 나오자 모두 환호하면서 영락없는 소녀처럼 깔깔 댔다.
215,막간을 이용해 팥과 슈크림 붕어빵을 두고 밸런스 게임을 진행했더니 혜인 다니엘 해린은 팥을 민지와 하니는 슈크림을 골랐다.
216,되게 여유롭게 책도 읽거나 맛있는 걸 먹고 하면 힐링되고 좋을 것 같다고 했고 하니는 제가 호주에 있을 때 밤에 겨울 바다를 자주갔다.
217,멤버들도 (산책을)좋아해서 꼭 멤버들과 같이 밤 산책을 해보고 싶다며 소망을 내비쳤다.
218,그런데 이제 겨울이니까 멤버들과 다같이 아이스스케이팅 장을 가서 핫초코를 먹고 싶다며 밝게 웃었다.
219,뉴진스는 데뷔하자마자 괴물 신인으로 불리지만 앞으로의 미래가 더욱 기대되는 팀이다.
220,민지는 많은 팬분들 앞에서 되게 신나는 음악과 함께 저희 콘서트를 꼭 해보고 싶다.
221,저희 뉴진스의 음악과 좋아해주시는 분들이 함께 있는 콘서트라면 너무너무 행복할 것 같다고 말했다.
222,신한은행은 이날 오전 서울 중구 본점에서 개발 과정에 함께 참여한 고객들과 기념행사를 열었다.
223,조용병 신한금융그룹 회장도 이날 행사에 참석해 고객 자문단에게 감사의 말을 전했다.
224,진옥동 신한은행장도 이 자리에서 뉴 쏠 개발 철학 키노트 스피치와 뉴 쏠 개발에 함께한 고객과 직원의 솔직한 개발 스토리 &amp; 토크쇼 등에 참여했다.
225,특히 이번 행사에서 뉴 쏠 광고모델인 걸그룹 뉴진스(New Jeans)의 광고도 처음으로 공개됐다.
226,신한은행 관계자는 뉴 쏠(New SOL)이 고객에게 제공되는 앱이 아닌 고객이 제작하는 앱의 시작이 됐으면 한다며 앞으로도 고객이 원하는 더 쉽고 더 편안한 더 새로운 금융을 향해 끊임없이 노력하겠다고 말했다.
227,▲ 출처| 크리스탈 인스타그램스포티비뉴스정혜원 인턴기자 그룹 에프엑스 출신 배우 크리스탈(정수정)이 생일파티 모습을 공개했다.
228,▲ 출처| 크리스탈 인스타그램특히 뉴진스 소속사 대표이사 민희진과 함께 찍은 사진을 공개해 관심을 모았다.
229,앞서 민희진은 SM엔터테인먼트 크리에이티브 디렉터로 일하며 크리스탈이 속한 에프엑스 앨범 디렉팅을 맡은 바 있다.
230,두 사람은 SM엔터테인먼트에서 나간 후에도 여전히 우정을 이어오고 있는 것으로 보인다.
231,민희진은 하이브 산하 신규 레이블 어도어 대표이사로 민희진 걸그룹이라고 불리는 뉴진스를 탄생시켜 많은 인기를 얻었다.
232,뉴진스 유튜브 채널에는 데뷔 후 뉴진스가 리얼리티 프로그램에서 같이 해 보고 싶었던 일을 즐기는 모습을 담은 ‘NewZips’를 비롯해 앨범 제작 비하인드를 담은 ‘Making Jeans’ 기획형 웹 예능 ‘Jeans’ ZINE’ 제작과 다양한 활동 비하인드를 가볍게 담은 ‘Light Jeans’ 등 뉴진스의 매력을 가득 담은 다채로운 콘텐츠가 업로드돼 있다.
233,뉴진스는 ‘NewZips’를 통해 데뷔 활동 비하인드부터 왁자지껄 캠핑 서로의 버킷리스트 룩을 완성해 준 빈티지 숍 쇼핑까지 멤버들의 있는 그대로의 모습과 발랄한 예능감을 보여주고 있다.
234,우리은행이 가수 아이유를 모바일 뱅킹 모델로 앞세워 월활성이용자수(MAU) 확대 효과를 톡톡히 누리자 은행권의 빅모델 섭외 경쟁이 본격화했다는 분석이 나온다.
235,‘뉴진스’는 각종 국내외 주요 음원차트에서 신기록을 갈아치우며 돌풍을 일으키고 있는 신인 걸그룹으로 데뷔앨범 ‘뉴 진스(New Jeans)’ 발매와 동시에 라이징 K팝 그룹으로 급부상했다.
236,신한은행은 세대 불문 남녀 노소 모두에게 사랑받아온 Jean(진·청바지)같은 시대의 아이콘이 되겠다는 뉴진스의 이미지가 더 빠르고 쉽고 편하게 이용할 수 있는 금융의 아이콘으로 새롭게 태어나는 쏠(SOL)과 부합해 광고모델로 발탁했다.
237,더 빨라진 속도와 함께 ▲나만의 화면구성 ▲스토리뱅크 ▲뉴 이체 등 새롭고 다양한 서비스를 제공하게 된다.
238,신한은행 관계자는 “쏠(SOL)의 새로운 시작을 매력적인 음악과 스타일로 전세계의 주목과 사랑을 받고 있는 뉴진스와 함께하게 되어 더욱 기대된다며 “시대의 아이콘으로 자리잡고 있는 뉴진스처럼 신한 쏠(SOL)도 고객에게 새로운 경험을 선사하는 금융의 대세 아이콘으로 자리잡는 금융플랫폼이 되길 바란다고 했다.
239,팬들은 짙은 화장 어색한 염색 알록달록한 의상이 이들과 어울리지 않는다고 지적했다.
240,글쓴이는 ‘멤버들은 무대뿐만 아니라 광고 화보 예능에서까지 메이크업 테러를 당하고 있다’고 비판했다.
241,칙칙한 화장과 어색한 머리 스타일로 수차례 공식석상에 선 데다 지난달 컴백을 앞두고 공개된 콘셉트 사진에서 멤버들의 ‘퍼스널 컬러’(피부 톤과 어울리는 색상)를 고려하지 않은 메이크업을 한 게 도화선이었다.
242,이들은 “아이돌은 내가 직접 키운다는 생각으로 구체적인 의견을 적극적으로 표현한다.
243,멤버에게 스타일링이 어울리지 않을 경우 소셜네트워크서비스(SNS)에 비판하는 글을 올리거나 해시태그를 통해 집단행동을 해 소속사의 의사 결정에 영향을 미치고 있다.
244,아이브 멤버 안유진의 콘셉트 사진을 본 팬들은 “연갈색 머리와 눈썹 연분홍색 메이크업이 답답해 보인다고 비판했다(왼쪽 사진).
245,스타쉽엔터테인먼트 제공 아이브의 메이크업과 관련해 한 팬은 트위터에 멤버 안유진이 붉은색 입술 검은색 머리를 했을 때의 생기 있는 사진과 베이지색 화장 연갈색 머리를 했을 때의 칙칙한 사진을 비교해 올렸다.
246,장원영은 홍보모델로 활동하고 있는 주얼리 브랜드 화보 사진에서 잘못 자른 듯한 잔머리 지저분한 눈썹으로 등장해 “나이 들어 보인다는 팬들의 비판을 받았다.
247,‘민희진 걸그룹’으로 돌풍을 일으킨 뉴진스의 헤메코 담당자도 논란의 중심에 섰다.
248,갈색 머리 짙은 색조 화장 지나치게 알록달록한 의상과 털모자에 팬들은 “레트로를 넘어 각설이가 됐다며 강하게 비판했다.
249,소수의 강력한 팬덤이 여론을 좌우하는 K팝 시장의 특성상 소속사와 관계자들은 팬들의 지적에 촉각을 곤두세우고 있다.
250,아이브 메이크업 담당자는 SNS 라이브 방송에서 “아이브 친구들에게 미안하다.
251,뉴진스의 메이크업 담당자는 자신의 SNS에 ‘일본에서의 뉴진스 메이크업은 저희 스태프와 관련 없으며 제가 한 메이크업이 아닙니다’라는 해명을 올렸다.
252,팬들의 지적이 이어지자 아이브의 메이크업은 멤버의 장점을 살리는 방향으로 바뀌었다는 반응이 나왔다.
253,이런 팬들의 행동은 자신의 의사를 적극적으로 표출하는 Z세대의 특성에서 비롯됐다.
254,소속사는 팬들의 조언을 일정 부분 받아들이되 그룹의 정체성은 유지하도록 적절한 수준을 판단해야 한다고 말했다.
255,이날 행사에는 그룹 뉴진스(민지하니다니엘해린혜인)와 래퍼 로꼬 그레이 쌈디 우원재 댄서 리정 배우 이이경 등이 참석했다.
256,이날 행사에는 그룹 뉴진스(민지하니다니엘해린혜인)와 래퍼 로꼬 그레이 쌈디 우원재 댄서 리정 배우 이이경 등이 참석했다.
257,이날 행사에는 그룹 뉴진스(민지하니다니엘해린혜인)와 래퍼 로꼬 그레이 쌈디 우원재 댄서 리정 배우 이이경 등이 참석했다.
258,소속사 BH엔터테인먼트에서 한솥밥을 먹고 있는 탤런트 이지아가 첫 게스트로 등장했다.
259,특히 김고은은 팬들의 요청으로 그룹 뉴진스의 하입 보이(Hype Boy) 댄스 무대를 선보였다.
260,이 외 영화 은교 정지우 감독과 유미의 세포들 안보현과 그룹 갓세븐 박진영 작은 아씨들의 박지후와 함께 추억을 풀어냈다.
261,이소라의 사랑이 아니라 말하지 말아요와 레이디 가가의 아윌 네버 러브 어게인(I‘ll Never Love Again)으로 팬미팅을 마무리했다.
262,김고은은 tvN 드라마 작은 아씨들 종방 후 영화 파묘(감독 장재현) 촬영에 들어갔다.
263,가수 브랜드평판지수는 소비자들에게 사랑받는 음원을 선보이고 있는 가수 브랜드 빅데이터를 추출하고 소비자 행동분석을 하여 참여가치 소통가치 미디어가치 커뮤니티가치로 분류하고 긍부정비율 분석과 평판분석 알고리즘을 통해 분석된 지표이다.
264,브랜드 평판분석을 통해 브랜드에 대해 누가 어디서 어떻게 얼마나 왜 이야기하는지를 알아낼 수 있다.
265,자신만의 방식으로 연두의 첫사랑 백현진(박정우)의 모든 것을 알아내기 위해 고군분투 하지만 계획대로 되지 않자 백현진의 절친 풍운호(변우석)를 공략하면서 예상치 못하게 로맨스에 빠지게 되는 소녀를 연기 새로운 첫사랑의 아이콘으로 등극했다.
266,평소에도 예전 음악들이나 감성을 좋아했고 내가 그 안에 경험해보면 어떨까?
267,라는 기대감이 커 작품을 선택하게 됐다며 촬영하면서 의상 등 레트로한 분위기를 즐기면서 연기하기도 했고 개인적으로 그런 감성이 너무 좋았다.
268,이어 실제로 어렸을 때 공중전화 같은 부분은 초등학교 때 쓴 기억도 있다.
269,주인공의 주요 배경인 보라비디오를 통해 영화 비디오를 보는 것도 신기했다.
270,박혜경 박기영 양파 등 테이프를 모이기도 했고 예전 팝송들을 LP로 가지고 있다.
271,내 노래방 애창곡 중 하나가 박기영의 마지막 사랑 박혜영의 하루 등이 있다.
272,보통 현장에서 선배들과 촬영하는 경우가 많은데 쉬는 시간 함께 예전 노래를 들으며 많이 알게 됐다.
273,선배들이 나를 두고 옛날 감성이다 애늙은이다라는 말을 많이 하더라고 웃었다.
274,연기를 하면서 학교에 다니기 어려운 지점도 있었지만 개인적으로는 학교 다니는 걸 굉장히 좋아했다.
275,이어 물론 친구들이 나를 대할 때 어려움이 없지 않았겠지만 처음에만 그렇고 나중에는 다른 친구들과 똑같이 생각해줬다.
276,시간이 지나면서 나도 더 그 친구들을 이해하게 됐다며 실제로 학교에 다닐 때 친했던 친구 그룹이 있다.
277,당시 중학생이었는데 친구들과 춤추면서 연습하고 맛있는 것 먹고 놀러 다니고 한 게 아직도 그 추억에 대한 힘이 남아있는 것 같다.
278,그 친구들과는 아직도 모여서 파티도 하고 새해 축하도 연말 축하도 하고 서로 응원해주는 관계로 지내고 있다.
279,그는 내가 배우라는 생각을 안 할 정도로 친구들도 너무 좋았고 학교도 촬영도 너무 좋았다.
280,예쁘게 보여야겠다는 생각은 전혀 안 했는데 오히려 그 부분이 자연스럽게 나온 것 같다.
281,최근 많은 인기를 얻은 걸그룹 뉴진스를 향한 관심을 드러낸 김유정은 뉴진스를 개인적으로 정말 좋아한다.
282,데뷔하자마자 팬이 됐고 멤버들 모두 좋아하는데 특히 멤버 다니엘과 내가 닮았다는 이야기를 많이 들었다.
283,그 친구가 스타일링에 따라 달리 보이던데 특유의 풋풋한 느낌이 너무 좋다.
284,뉴진스가 데뷔하자마자 유튜브를 통해 몇 번을 돌려봤는지 모르겠다고 너스레를 떨었다.
285,아끼는 친구들 때문에 그렇게 하는 것일 수도 있지만 우정도 사랑과 비슷한 결이라고 생각한다.
286,개인적으로 내가 이 연기 활동하면서 가장 큰 힘이 된 게 친구들이었다고 밝혔다.
287,다만 보라처럼 아련한 첫사랑 수 없는 게 지금 시대에서는 그런 사랑이 쉽지 않다.
288,많은 분이 첫사랑 이미지가 잘 산 것 같다고 칭찬해주니까 기분이 너무 좋더라.
289,지금 이 시기가 나에게는 굉장히 풋풋하고 예쁘게 표현될 수 있는 시기라고 생각한다.
290,거기에 걸맞은 작품을 만났고 참여하게 되면서 지금만 낼 수 있는 분위기가 작품에 잘 표현된 것 같다고 만족감을 드러냈다.
291,어느덧 국민 여동생에서 국민 첫사랑으로 성장한 김유정은 평소에 나는 무언가가 되어야겠다라는 생각은 많이 하지 않는다.
292,어렸을 때 감사하게도 국민 여동생이라는 수식어가 붙어있었으니까 그것도 너무 좋았다.
293,이 작품으로 국민 첫사랑 타이틀을 얻을 수 있을지 모르겠지만 만약 가능하다면 너무 좋을 것 같다고 고백했다.
294,엔딩에 대한 호불호가 많다고 들었는데 그건 내가 관여할 수 있는 부분도 아니었고 연기하는 배우로서는 작품을 있는 그대로 받아들이려고 했다.
295,김유정 변우석 박정우 노윤서 등이 출연했고 방우리 감독의 첫 장편 연출 데뷔작이다.
296,뉴진스(NewJeans)가 발랄한 매력으로 데뷔 후 첫 단독 예능 프로그램을 가득 채웠다.
297,이들은 주어진 미션을 수행하면서 날카로운 심리전과 호흡이 척척 맞는 찰떡 케미스트리를 뽐냈다.
298,그러던 중 멤버들은 QR코드에 담긴 초대장을 받고 환호성을 질렀고 즉석에서 뉴진스 코드 in 부산의 포즈를 만들며 본격적인 여행의 시작을 알렸다.
299,송도 바닷가에 도착한 뉴진스는 한껏 상기된 표정으로 풍경을 감상하고 부산에 도착한 느낌을 상황극으로 표현하는 등 여행의 즐거움을 만끽했다.
300,이어 부산의 명물 돼지국밥을 먹으러 간 뉴진스는 한층 업된 기분으로 연신 국밥을 연호하면서 가게로 입성했다.
301,민지는 멤버들 중 가장 작은 도구인 숟가락에 당첨된 다니엘을 위해 정성스럽게 숟가락에 최대한 많은 돼지고기를 얹어 주며 돈독한 우정을 자랑했다.
302,시장에서의 미션을 확인하던 뉴진스는 미션 내용에 화음을 넣으면서 읽어 완벽한 호흡을 보여 주었다.
303,시장에서 민지 하니 혜인은 패션 아이템 쇼핑에 빠졌고 다니엘과 해린은 간식 먹방을 펼쳤다.
304,이날 방송에서의 마지막 미션은 제트보트 탑승 중 드론에 매달린 키워드를 읽고 속담을 맞추는 것.
305,보트 탑승에 앞서 뉴진스는 구명조끼와 우비를 매치한 패션으로 즉석 워킹을 펼쳐 현장을 런웨이로 만들었다.
306,제트보트 탑승 후 멤버들과 정답을 외치러 온 해린은 속담이 떠오르지 않자 당당한 표정으로 새로운 속담을 만들어 틈새 예능감을 뽐냈다.
307,이후 저녁식사 힌트를 받은 뉴진스는 각자 아이디어대로 추측했고 이어 다음 회차 예고로 루지를 타고 분수대에서 즐겁게 노는 멤버들의 모습이 나와 기대감을 높였다.
308,사진SBS 방송 화면 캡처* YTN star에서는 연예인 및 연예계 종사자들과 관련된 제보를 받습니다.
309,그룹 뉴진스의 스타일링과 관련해 비판의 목소리가 커지자 담당 스태프가 해명에 나섰다.
310,이날 뉴진스는 짙은 화장과 화려한 색의 의상을 입어 팬들의 이목을 끌었다.
311,행사 의상이 공개되자 일부 커뮤니티에선 스타일리스트를 향한 비판의 목소리가 제기됐다.
312,해당 누리꾼들은 “의상이 너무 과한 것 아니냐 “화장이 너무 안 어울린다등 따가운 시선을 보냈다.
313,이에 담당 메이크업 아티스트는 이날 인스타그램에 “간밤에 댓글을 비롯한 여러 의견을 보며 정확하게 알려드려야 혼선이 없으실꺼라 판단된다라며 해명글을 올렸다.
314,아티스트는 “KCON 현지 뉴진스 메이크업은 저를 비롯한 저희 스태프들과 관련이 없으며 제가 한 메이크업이 아님을 알려드린다라고 해명했다.
315,뉴진스는 이날 에이티비오·디케이지·프로미스나인·아이브·제이오원·투모로우바이투게더와 함께 공연 무대를 열었다.
316,이날 팝업 현장에는 배우 이이경 댄서 리정을 비롯해 가수 로꼬 그레이 쌈디 우원재그룹 뉴진스(민지 하니 다니엘 해린 혜인)가 참석해 자리를 빛냈다.
317,이날 팝업 현장에는 배우 이이경 댄서 리정을 비롯해 가수 로꼬 그레이 쌈디 우원재그룹 뉴진스(민지 하니 다니엘 해린 혜인)가 참석해 자리를 빛냈다.
318,콘서트 첫 날은 아이앤아이·기현·르세라핌·엔믹스·옥토퍼스·티엔엑스·티오원·비비지가 공연을 펼친다.
319,이튿날은 에이티비오·디케이지·프로미스나인·아이브·제이오원·뉴진스·투모로우바이투게더가 마지막 날은 에이티즈·브레이브걸스·다크비·조유리·케플러·니쥬·템페스트가 무대를 선보인다.
320,이날 팝업 현장에는 배우 이이경 댄서 리정을 비롯해 가수 로꼬 그레이 쌈디 우원재그룹 뉴진스(민지 하니 다니엘 해린 혜인)가 참석해 자리를 빛냈다.
321,아이돌 그룹 뉴진스는 영국 명품 브랜드 비비안웨스트우드의 골프의류를 입고 무대에 서기도 했다.
322,축제를 준비하며 대학별로 가장 심혈을 기울이는 부분은 이렇듯 연예인 섭외.
323,그렇다면 연예인을 섭외하는 데 얼마 정도의 비용이 들고 그 돈은 어디에서 지출되는 걸까.
324,&lt;오마이스타&gt; 취재 결과를 종합하면 국립대학교와 사립대학교의 축제 비용은 일반적으로 총학생회가 관리하는 학생회비에서 우선적으로 지출된다.
325,그러나 대부분의 학교에서 학생회비 납부가 의무가 아니기 때문에 학생회마다 예산이 상이하다.
326,그런 이유로 비용이 부족할 경우 등록금이 포함돼 있는 학교회계에 지원을 요청하기도 하다.
327,서울대학교 학생지원과 소속 한 관계자는 총학생회 중심으로 가수 섭외비 등 축제 예산안을 직접 짜고 있고 비용마련도 총학생회에서 주도한다면서 제휴업체로부터 받은 광고비와 후원금 총학생회비 등이 포함된 자체회계에서 먼저 축제 비용이 지불된다.
328,코로나 거리두기가 풀리면서 가수들의 몸값이 올라가서 재정이 부족한 경우도 있다.
329,사이먼 도미닉은 MBC &lt;라디오스타&gt;에 출연해 대학축제들에서 많은 수익을 얻고 있다고 말해 논란이 되기도 했다.
330,축제에 온 가수들을 보며 분위기에 한껏 들뜬 학생들이 대부분이었지만 학생회비와 등록금에서 연예인 섭외 비용이 나가는 것에 대해 부정적 시선도 존재한다.
331,축제에 꼭 비싼 연예인을 그렇게 많이 불러야 하는지도 잘 모르겠다며 회의적인 입장을 보였다.
332,축제에 연예인을 고액으로 섭외하는 것에 대한 입장을 묻는 질문에 몇몇 학교는 말을 아끼는 모습이다.
333,수도권 사립대 관계자는 가수들의 무대 이외에 다른 축제 프로그램도 마련했음을 밝히기도 했다.
334,다른 대학교가 축제 비용으로 얼마를 쓰는지 잘 모르기 때문에 과도한 건지 아닌 건지 객관적으로 알 수 없다.
335,단순히 연예인이 무대를 꾸미는 것만이 축제의 전부는 아니기 때문에 우리 학교는 단과대별로 참여할 수 있는 체육대회를 열어 학생들과 교수님들이 함께 어우러질 수 있는 축제 프로그램을 준비하기도 했다.
336,하지만 당일 캠퍼스에는 학생뿐 아니라 외부인들까지 한데 몰려 혼잡한 상황이어서 용의자를 잡는 데는 실패했다.
337,실제로 대학축제에는 재학생만이 아니라 무대에 서는 가수들의 팬들 즉 외부인들이 대거 몰리기 때문에 관객수가 포화상태에 이르는 경우가 다반수다.
338,재학생은 아니지만 무대를 보고자 하는 이들이 해당 학교의 학생증과 입장 팔찌 등을 돈을 지불하고 사는 것이다.
339,단과대 학생회가 공연장을 천막으로 둘러싸서 학생회비 미납자들의 관람을 막았다는 내용이었다.
340,한 온라인 커뮤니티에선 충북대학교 내에서 운영되는 익명 커뮤니티에 올라온 글을 전하는 게시물이 보이기도 했다.
341,글쓴이는 공연장 내부 좌석은 학생회비를 낸 학생만 입장할 수 있었다라고 주장했는데 이에 대해 학생회비로 주최된 행사인 만큼 회비를 안 낸 사람이 못 보는 건 당연한 것이라는 반응과 너무 했다 옳지 않다라는 반응으로 나뉘었다.
342,이에 계명대 재학생들은 차별이라며 강력하게 반발하고 나섰고 반발이 거세지자 계명대 총학생회 측은 관련 공지를 결국 삭제했다.
343,앞서 서울시립대도 학생회비를 낸 학생들이 축제 공연을 좋은 자리에서 관람할 수 있도록 시립존을 마련했다가 학생들의 반발로 철회한 바 있는데 이에 대해 총학생회 측은 행사를 학생회비로 준비하고 있지만 학생회비 납부자가 매우 적다.
344,학생회비를 납부한 학생들에게 아무런 혜택이 주어지지 않아 (혜택을 주기 위해 시립존을) 운영했던 것이라고 입장문을 내기도 했다.
345,일례로 중앙대는 학생들이 직접 주최하고 즐길 수 있는 플리마켓과 버스킹 공연 영화제 등을 선보였고 한국외대는 외대라는 특색에 걸맞게 세계 여행 부스들을 설치해 학생들이 각국의 문화를 간접 체험할 수 있도록 했다.
346,호남대는 부모님과 가족 친지 유학생 교직원 등이 다함께 어우러져 즐기는 호남대 패밀리 축제를 개최했다.
347,이 축제에서 선보인 다양한 프로그램 중 재학생이 부모님이나 형제 자매 친지 등과 함께 팀을 이뤄 경연에 참여하는 패밀리가요제가 특히 큰 호응을 얻었다.
348,호남대 총학생회 측은 학생들이 거리두기와 비대면 수업 등으로 오랫동안 힘든 시간을 보냈을 뿐 아니라 부모님도 함께 힘든 시간을 보냈다고 생각한다.
349,그래서 부모님과 함께 즐기며 소통하는 시간을 마련해 감사함을 전하려 했다라며 행사의 기획의도를 전한 바 있다.
350,‘New Jeans’의 수록곡 전곡은 발매 이후 단 하루도 빠지지 않고 ‘데일리 톱 송 한국’ 차트에 이름을 올리고 있다.
351,한편 민희진 대표이사가 이끄는 어도어(ADOR)의 걸그룹 뉴진스는 ‘New Jeans’ 발매와 동시에 전 세계를 아우르는 대세 아티스트로 부상했다.
